ISO-10303-21;
HEADER;
FILE_DESCRIPTION (( 'STEP AP214' ),
    '1' );
FILE_NAME ('ScooperAssemblyV4.STEP',
    '2026-09-10T18:45:09',
    ( '' ),
    ( '' ),
    'SwSTEP 2.0',
    'SolidWorks 2025',
    '' );
FILE_SCHEMA (( 'AUTOMOTIVE_DESIGN' ));
ENDSEC;

DATA;
#1 = DIRECTION ( 'NONE',  ( 0.000000000000000000, 0.000000000000000000, 1.000000000000000000 ) ) ;
#2 = VERTEX_POINT ( 'NONE', #836 ) ;
#3 = ORIENTED_EDGE ( 'NONE', *, *, #980, .T. ) ;
#4 = DIRECTION ( 'NONE',  ( 0.000000000000000000, -1.000000000000000000, -2.775557561562892830E-16 ) ) ;
#5 = LINE ( 'NONE', #641, #1773 ) ;
#6 = CIRCLE ( 'NONE', #1171, 0.07874015748031498729 ) ;
#7 = CARTESIAN_POINT ( 'NONE',  ( 1.446433227339393519E-16, 1.181102362204724310, 0.3838582677165351953 ) ) ;
#8 = ITEM_DEFINED_TRANSFORMATION ( 'NONE', 'NONE', #1810,  #873 ) ;
#9 = EDGE_CURVE ( 'NONE', #1333, #564, #1756, .T. ) ;
#10 = ORIENTED_EDGE ( 'NONE', *, *, #1006, .F. ) ;
#11 = DIRECTION ( 'NONE',  ( 1.000000000000000000, 0.000000000000000000, 0.000000000000000000 ) ) ;
#12 = VECTOR ( 'NONE', #1003, 39.37007874015748143 ) ;
#13 = VECTOR ( 'NONE', #1198, 39.37007874015748143 ) ;
#14 = VERTEX_POINT ( 'NONE', #994 ) ;
#15 = EDGE_LOOP ( 'NONE', ( #160, #749, #1685, #1983, #685 ) ) ;
#16 = ADVANCED_FACE ( 'NONE', ( #670 ), #1482, .F. ) ;
#17 = DIRECTION ( 'NONE',  ( 0.000000000000000000, 0.000000000000000000, -1.000000000000000000 ) ) ;
#18 = EDGE_CURVE ( 'NONE', #1265, #999, #1927, .T. ) ;
#19 =( NAMED_UNIT ( * ) PLANE_ANGLE_UNIT ( ) SI_UNIT ( $, .RADIAN. ) );
#20 = APPLICATION_PROTOCOL_DEFINITION ( 'draft international standard', 'automotive_design', 1998, #619 ) ;
#21 = VERTEX_POINT ( 'NONE', #1976 ) ;
#22 = CARTESIAN_POINT ( 'NONE',  ( 0.5905511811023621549, 1.653543307086613678, -0.3838582677165354173 ) ) ;
#23 = DIRECTION ( 'NONE',  ( -1.000000000000000000, 0.000000000000000000, 0.000000000000000000 ) ) ;
#24 = AXIS2_PLACEMENT_3D ( 'NONE', #199, #1298, #1617 ) ;
#25 = EDGE_CURVE ( 'NONE', #954, #640, #765, .T. ) ;
#26 = VERTEX_POINT ( 'NONE', #1083 ) ;
#27 = ORIENTED_EDGE ( 'NONE', *, *, #1443, .T. ) ;
#28 = CARTESIAN_POINT ( 'NONE',  ( -0.1968503937007874127, 3.937007874015748143, 0.000000000000000000 ) ) ;
#29 = EDGE_CURVE ( 'NONE', #450, #902, #567, .T. ) ;
#30 = CARTESIAN_POINT ( 'NONE',  ( 5.472440944881890701, 2.362204724409448620, 0.3838582677165354173 ) ) ;
#31 = APPLICATION_PROTOCOL_DEFINITION ( 'draft international standard', 'automotive_design', 1998, #2046 ) ;
#32 = AXIS2_PLACEMENT_3D ( 'NONE', #231, #864, #709 ) ;
#33 = DIRECTION ( 'NONE',  ( 1.000000000000000000, 0.000000000000000000, 0.000000000000000000 ) ) ;
#34 = CARTESIAN_POINT ( 'NONE',  ( 0.000000000000000000, 0.000000000000000000, 0.1968503937007874127 ) ) ;
#35 = VECTOR ( 'NONE', #1357, 39.37007874015748143 ) ;
#36 = ORIENTED_EDGE ( 'NONE', *, *, #29, .T. ) ;
#37 = EDGE_CURVE ( 'NONE', #502, #1899, #1299, .T. ) ;
#38 = MANIFOLD_SOLID_BREP ( 'Cut-Extrude10', #760 ) ;
#39 = ORIENTED_EDGE ( 'NONE', *, *, #1039, .F. ) ;
#40 = DIRECTION ( 'NONE',  ( 1.000000000000000000, 0.000000000000000000, 0.000000000000000000 ) ) ;
#41 = CIRCLE ( 'NONE', #536, 0.07874015748031498729 ) ;
#42 = ORIENTED_EDGE ( 'NONE', *, *, #187, .F. ) ;
#43 = ORIENTED_EDGE ( 'NONE', *, *, #257, .T. ) ;
#44 = CARTESIAN_POINT ( 'NONE',  ( 0.5905511811023621549, 1.181102362204724310, 1.488507551168849030 ) ) ;
#45 = CYLINDRICAL_SURFACE ( 'NONE', #1752, 0.1968503937007874127 ) ;
#46 = ORIENTED_EDGE ( 'NONE', *, *, #68, .T. ) ;
#47 = VECTOR ( 'NONE', #909, 39.37007874015748143 ) ;
#48 = VERTEX_POINT ( 'NONE', #132 ) ;
#49 = VECTOR ( 'NONE', #141, 39.37007874015748143 ) ;
#50 = CARTESIAN_POINT ( 'NONE',  ( -0.1968503937007874127, 0.000000000000000000, 0.1968503937007874127 ) ) ;
#51 = DIRECTION ( 'NONE',  ( 1.000000000000000000, 0.000000000000000000, 0.000000000000000000 ) ) ;
#52 = DIRECTION ( 'NONE',  ( -0.000000000000000000, -0.000000000000000000, -1.000000000000000000 ) ) ;
#53 = CONTEXT_DEPENDENT_SHAPE_REPRESENTATION ( #1370, #1297 ) ;
#54 = ORIENTED_EDGE ( 'NONE', *, *, #830, .T. ) ;
#55 = CARTESIAN_POINT ( 'NONE',  ( 0.000000000000000000, 0.5905511811023621549, 0.08858267716535433989 ) ) ;
#56 = LINE ( 'NONE', #2054, #1506 ) ;
#57 = DIRECTION ( 'NONE',  ( -0.000000000000000000, -0.000000000000000000, -1.000000000000000000 ) ) ;
#58 = DIMENSIONAL_EXPONENTS ( 1.000000000000000000, 0.000000000000000000, 0.000000000000000000, 0.000000000000000000, 0.000000000000000000, 0.000000000000000000, 0.000000000000000000 ) ;
#59 = ADVANCED_FACE ( 'NONE', ( #1364 ), #431, .F. ) ;
#60 = ORIENTED_EDGE ( 'NONE', *, *, #448, .F. ) ;
#61 = VECTOR ( 'NONE', #1072, 39.37007874015748143 ) ;
#62 = VERTEX_POINT ( 'NONE', #115 ) ;
#63 = CARTESIAN_POINT ( 'NONE',  ( 5.059055118110236116, 0.6692913385826771977, -0.3838582677165354173 ) ) ;
#64 = VERTEX_POINT ( 'NONE', #1840 ) ;
#65 = ORIENTED_EDGE ( 'NONE', *, *, #2014, .T. ) ;
#66 = DIRECTION ( 'NONE',  ( -1.000000000000000000, 0.000000000000000000, 0.000000000000000000 ) ) ;
#67 = DIRECTION ( 'NONE',  ( 0.000000000000000000, 1.000000000000000000, 0.000000000000000000 ) ) ;
#68 = EDGE_CURVE ( 'NONE', #538, #707, #834, .T. ) ;
#69 = DIRECTION ( 'NONE',  ( 1.000000000000000000, 0.000000000000000000, 0.000000000000000000 ) ) ;
#70 = AXIS2_PLACEMENT_3D ( 'NONE', #1174, #387, #405 ) ;
#71 = VECTOR ( 'NONE', #718, 39.37007874015748143 ) ;
#72 = ORIENTED_EDGE ( 'NONE', *, *, #728, .T. ) ;
#73 = VERTEX_POINT ( 'NONE', #1697 ) ;
#74 = DIRECTION ( 'NONE',  ( -0.000000000000000000, -1.000000000000000000, -0.000000000000000000 ) ) ;
#75 = EDGE_LOOP ( 'NONE', ( #1113, #558, #892, #1398 ) ) ;
#76 = ORIENTED_EDGE ( 'NONE', *, *, #1666, .F. ) ;
#77 = CARTESIAN_POINT ( 'NONE',  ( 0.5905511811023621549, 1.574803149606299080, -0.3838582677165354173 ) ) ;
#78 = CARTESIAN_POINT ( 'NONE',  ( 5.472440944881890701, 1.377952755905512028, 1.488507551168848142 ) ) ;
#79 = FACE_OUTER_BOUND ( 'NONE', #1827, .T. ) ;
#80 = AXIS2_PLACEMENT_3D ( 'NONE', #55, #11, #1803 ) ;
#81 = ORIENTED_EDGE ( 'NONE', *, *, #1872, .F. ) ;
#82 = ORIENTED_EDGE ( 'NONE', *, *, #1557, .F. ) ;
#83 = PRESENTATION_LAYER_ASSIGNMENT (  '', '', ( #1444 ) ) ;
#84 = AXIS2_PLACEMENT_3D ( 'NONE', #700, #1853, #1057 ) ;
#85 = DIRECTION ( 'NONE',  ( -1.000000000000000000, 0.000000000000000000, 0.000000000000000000 ) ) ;
#86 = EDGE_CURVE ( 'NONE', #339, #426, #250, .T. ) ;
#87 = EDGE_CURVE ( 'NONE', #1175, #1993, #1062, .T. ) ;
#88 = ORIENTED_EDGE ( 'NONE', *, *, #1750, .F. ) ;
#89 = DIRECTION ( 'NONE',  ( -1.982541115402065356E-16, 1.000000000000000000, 0.000000000000000000 ) ) ;
#90 = CARTESIAN_POINT ( 'NONE',  ( 3.346456692913386100, 1.496062992125984703, -0.2657480314960630197 ) ) ;
#91 = DIRECTION ( 'NONE',  ( 0.000000000000000000, 0.000000000000000000, 1.000000000000000000 ) ) ;
#92 = VERTEX_POINT ( 'NONE', #265 ) ;
#93 = ADVANCED_FACE ( 'NONE', ( #1226 ), #1537, .F. ) ;
#94 = DIRECTION ( 'NONE',  ( 0.000000000000000000, 0.000000000000000000, -1.000000000000000000 ) ) ;
#95 = DIRECTION ( 'NONE',  ( -1.000000000000000000, 0.000000000000000000, 0.000000000000000000 ) ) ;
#96 = PRODUCT_DEFINITION_CONTEXT ( 'detailed design', #1835, 'design' ) ;
#97 = CARTESIAN_POINT ( 'NONE',  ( 0.1968503937007874127, 3.937007874015748143, 0.000000000000000000 ) ) ;
#98 = FACE_BOUND ( 'NONE', #383, .T. ) ;
#99 = CIRCLE ( 'NONE', #359, 0.07874015748031448769 ) ;
#100 = ORIENTED_EDGE ( 'NONE', *, *, #1379, .F. ) ;
#101 = AXIS2_PLACEMENT_3D ( 'NONE', #727, #1988, #1852 ) ;
#102 = LINE ( 'NONE', #2045, #1340 ) ;
#103 = EDGE_CURVE ( 'NONE', #213, #62, #1981, .T. ) ;
#104 = LINE ( 'NONE', #1839, #1554 ) ;
#105 = DIRECTION ( 'NONE',  ( -1.000000000000000000, 0.000000000000000000, 0.000000000000000000 ) ) ;
#106 = DIRECTION ( 'NONE',  ( -1.000000000000000000, 0.000000000000000000, 0.000000000000000000 ) ) ;
#107 = DIRECTION ( 'NONE',  ( 1.000000000000000000, 0.000000000000000000, 0.000000000000000000 ) ) ;
#108 = DIRECTION ( 'NONE',  ( -1.000000000000000000, -0.000000000000000000, -0.000000000000000000 ) ) ;
#109 = ADVANCED_FACE ( 'NONE', ( #1051 ), #1392, .F. ) ;
#110 = VECTOR ( 'NONE', #138, 39.37007874015748143 ) ;
#111 = ORIENTED_EDGE ( 'NONE', *, *, #2013, .T. ) ;
#112 = LINE ( 'NONE', #1866, #1000 ) ;
#113 = CARTESIAN_POINT ( 'NONE',  ( 5.472440944881890701, 7.582401355855259480E-33, 0.3838582677165351953 ) ) ;
#114 = DIRECTION ( 'NONE',  ( 0.000000000000000000, 0.000000000000000000, 1.000000000000000000 ) ) ;
#115 = CARTESIAN_POINT ( 'NONE',  ( 4.606299212598425896, 1.574803149606299080, -0.2657480314960630197 ) ) ;
#116 = DIRECTION ( 'NONE',  ( -0.000000000000000000, -0.000000000000000000, -1.000000000000000000 ) ) ;
#117 = LINE ( 'NONE', #747, #594 ) ;
#118 = DIRECTION ( 'NONE',  ( 0.000000000000000000, 0.000000000000000000, 1.000000000000000000 ) ) ;
#119 = ORIENTED_EDGE ( 'NONE', *, *, #885, .F. ) ;
#120 = ADVANCED_FACE ( 'NONE', ( #651 ), #960, .F. ) ;
#121 = CYLINDRICAL_SURFACE ( 'NONE', #1765, 0.09842519685039433086 ) ;
#122 = CARTESIAN_POINT ( 'NONE',  ( 5.472440944881890701, 0.6692913385826774197, 1.488507551168848142 ) ) ;
#123 = CARTESIAN_POINT ( 'NONE',  ( 5.472440944881890701, 1.496062992125984703, -0.2657480314960630197 ) ) ;
#124 = CARTESIAN_POINT ( 'NONE',  ( 5.472440944881890701, 0.5905511811023621549, 0.3838582677165353618 ) ) ;
#125 = CIRCLE ( 'NONE', #24, 0.09842519685039378963 ) ;
#126 = DIRECTION ( 'NONE',  ( 1.000000000000000000, -0.000000000000000000, -0.000000000000000000 ) ) ;
#127 = EDGE_CURVE ( 'NONE', #1467, #1655, #659, .T. ) ;
#128 = PLANE ( 'NONE',  #1156 ) ;
#129 = ORIENTED_EDGE ( 'NONE', *, *, #949, .F. ) ;
#130 = DIRECTION ( 'NONE',  ( 0.000000000000000000, 0.000000000000000000, 1.000000000000000000 ) ) ;
#131 = PLANE ( 'NONE',  #688 ) ;
#132 = CARTESIAN_POINT ( 'NONE',  ( 5.472440944881890701, 1.181102362204724310, 0.3838582677165351953 ) ) ;
#133 = CARTESIAN_POINT ( 'NONE',  ( 0.5905511811023621549, 1.653543307086613678, -0.2657480314960630197 ) ) ;
#134 = SURFACE_SIDE_STYLE ('',( #1076 ) ) ;
#135 = VECTOR ( 'NONE', #415, 39.37007874015748143 ) ;
#136 = CARTESIAN_POINT ( 'NONE',  ( 0.000000000000000000, 7.582401355855259480E-33, 0.3838582677165351953 ) ) ;
#137 = VERTEX_POINT ( 'NONE', #1269 ) ;
#138 = DIRECTION ( 'NONE',  ( 1.000000000000000000, -0.000000000000000000, -0.000000000000000000 ) ) ;
#139 = SHAPE_REPRESENTATION ( 'ScooperAssemblyV4', ( #934, #1103, #973, #1810, #741, #1279, #308 ), #543 ) ;
#140 = DIRECTION ( 'NONE',  ( 1.000000000000000000, -0.000000000000000000, -0.000000000000000000 ) ) ;
#141 = DIRECTION ( 'NONE',  ( -0.000000000000000000, -0.000000000000000000, -1.000000000000000000 ) ) ;
#142 = EDGE_CURVE ( 'NONE', #1182, #1334, #484, .T. ) ;
#143 = CARTESIAN_POINT ( 'NONE',  ( 0.000000000000000000, 1.377952755905512028, 1.488507551168848142 ) ) ;
#144 = LENGTH_MEASURE_WITH_UNIT ( LENGTH_MEASURE( 0.02539999999999999897 ), #1744 );
#145 = VECTOR ( 'NONE', #1722, 39.37007874015748143 ) ;
#146 = VERTEX_POINT ( 'NONE', #1302 ) ;
#147 = FACE_BOUND ( 'NONE', #553, .T. ) ;
#148 = VECTOR ( 'NONE', #524, 39.37007874015748143 ) ;
#149 = EDGE_LOOP ( 'NONE', ( #671, #1318, #1242, #1631 ) ) ;
#150 = PLANE ( 'NONE',  #1194 ) ;
#151 = CARTESIAN_POINT ( 'NONE',  ( 5.472440944881890701, 1.377952755905512472, 1.370397314948375467 ) ) ;
#152 = FACE_OUTER_BOUND ( 'NONE', #1796, .T. ) ;
#153 = DIRECTION ( 'NONE',  ( -0.000000000000000000, 4.625929269271485914E-16, -1.000000000000000000 ) ) ;
#154 = ORIENTED_EDGE ( 'NONE', *, *, #1599, .F. ) ;
#155 = CIRCLE ( 'NONE', #1219, 0.2952755905511810774 ) ;
#156 = DIRECTION ( 'NONE',  ( 0.000000000000000000, 0.000000000000000000, -1.000000000000000000 ) ) ;
#157 = ORIENTED_EDGE ( 'NONE', *, *, #1490, .T. ) ;
#158 = CARTESIAN_POINT ( 'NONE',  ( 0.000000000000000000, 3.937007874015748143, 0.1968503937007874127 ) ) ;
#159 = PRODUCT ( 'CrossSectionBarV2', 'CrossSectionBarV2', '', ( #365 ) ) ;
#160 = ORIENTED_EDGE ( 'NONE', *, *, #1159, .T. ) ;
#161 = ORIENTED_EDGE ( 'NONE', *, *, #967, .T. ) ;
#162 = CARTESIAN_POINT ( 'NONE',  ( 0.5905511811023621549, 1.102362204724409267, 1.488507551168849030 ) ) ;
#163 = DIRECTION ( 'NONE',  ( -0.000000000000000000, -0.000000000000000000, -1.000000000000000000 ) ) ;
#164 = VECTOR ( 'NONE', #826, 39.37007874015748143 ) ;
#165 = CARTESIAN_POINT ( 'NONE',  ( 4.763779527559055538, 1.574803149606299080, 0.3838582677165354173 ) ) ;
#166 = PRODUCT_CONTEXT ( 'NONE', #978, 'mechanical' ) ;
#167 = VERTEX_POINT ( 'NONE', #1126 ) ;
#168 = LINE ( 'NONE', #1553, #2055 ) ;
#169 = ADVANCED_FACE ( 'NONE', ( #630 ), #1731, .F. ) ;
#170 = EDGE_CURVE ( 'NONE', #1021, #731, #1931, .T. ) ;
#171 = VERTEX_POINT ( 'NONE', #775 ) ;
#172 = EDGE_LOOP ( 'NONE', ( #495, #2041, #527, #1944 ) ) ;
#173 = CARTESIAN_POINT ( 'NONE',  ( 0.000000000000000000, -0.1181102362204722728, -0.5981066220594986049 ) ) ;
#174 = VECTOR ( 'NONE', #1946, 39.37007874015748143 ) ;
#175 = LINE ( 'NONE', #375, #12 ) ;
#176 = ORIENTED_EDGE ( 'NONE', *, *, #1820, .T. ) ;
#177 = CIRCLE ( 'NONE', #972, 0.1968503937007874127 ) ;
#178 = PRODUCT_DEFINITION_FORMATION_WITH_SPECIFIED_SOURCE ( 'ANY', '', #1278, .NOT_KNOWN. ) ;
#179 = DIRECTION ( 'NONE',  ( -1.000000000000000000, 0.000000000000000000, 0.000000000000000000 ) ) ;
#180 = EDGE_CURVE ( 'NONE', #21, #229, #5, .T. ) ;
#181 = ORIENTED_EDGE ( 'NONE', *, *, #1434, .T. ) ;
#182 = VERTEX_POINT ( 'NONE', #1741 ) ;
#183 = DIRECTION ( 'NONE',  ( -1.000000000000000000, -0.000000000000000000, -0.000000000000000000 ) ) ;
#184 = LINE ( 'NONE', #682, #675 ) ;
#185 = ORIENTED_EDGE ( 'NONE', *, *, #1908, .F. ) ;
#186 = DIRECTION ( 'NONE',  ( -1.000000000000000000, 0.000000000000000000, 0.000000000000000000 ) ) ;
#187 = EDGE_CURVE ( 'NONE', #245, #1011, #2043, .T. ) ;
#188 = LINE ( 'NONE', #1328, #489 ) ;
#189 = VERTEX_POINT ( 'NONE', #294 ) ;
#190 = CIRCLE ( 'NONE', #1624, 0.07874015748031498729 ) ;
#191 = ORIENTED_EDGE ( 'NONE', *, *, #812, .F. ) ;
#192 = LINE ( 'NONE', #820, #296 ) ;
#193 = DIRECTION ( 'NONE',  ( -0.000000000000000000, -0.000000000000000000, -1.000000000000000000 ) ) ;
#194 = SHAPE_DEFINITION_REPRESENTATION ( #492, #353 ) ;
#195 = EDGE_LOOP ( 'NONE', ( #1884, #928 ) ) ;
#196 = AXIS2_PLACEMENT_3D ( 'NONE', #1102, #1909, #1737 ) ;
#197 = CARTESIAN_POINT ( 'NONE',  ( 0.5905511811023621549, 1.496062992125984481, -0.3838582677165354173 ) ) ;
#198 = DIRECTION ( 'NONE',  ( -0.000000000000000000, -0.000000000000000000, -1.000000000000000000 ) ) ;
#199 = CARTESIAN_POINT ( 'NONE',  ( 4.960629921259842590, 0.6692913385826771977, 0.06889763779527531551 ) ) ;
#200 = ORIENTED_EDGE ( 'NONE', *, *, #1443, .F. ) ;
#201 = ORIENTED_EDGE ( 'NONE', *, *, #1337, .T. ) ;
#202 = DIRECTION ( 'NONE',  ( -1.000000000000000000, 0.000000000000000000, 0.000000000000000000 ) ) ;
#203 = ADVANCED_BREP_SHAPE_REPRESENTATION ( '', ( #1417, #873 ), #1874 ) ;
#204 = DIRECTION ( 'NONE',  ( -0.000000000000000000, -0.000000000000000000, -1.000000000000000000 ) ) ;
#205 = AXIS2_PLACEMENT_3D ( 'NONE', #345, #186, #985 ) ;
#206 = DIRECTION ( 'NONE',  ( -1.000000000000000000, 0.000000000000000000, 0.000000000000000000 ) ) ;
#207 = ORIENTED_EDGE ( 'NONE', *, *, #1054, .F. ) ;
#208 = EDGE_CURVE ( 'NONE', #450, #366, #971, .T. ) ;
#209 = DIRECTION ( 'NONE',  ( 1.000000000000000000, 0.000000000000000000, 0.000000000000000000 ) ) ;
#210 = CARTESIAN_POINT ( 'NONE',  ( 0.000000000000000000, 0.5905511811023621549, -0.2066929133858267098 ) ) ;
#211 = AXIS2_PLACEMENT_3D ( 'NONE', #1029, #710, #720 ) ;
#212 = ORIENTED_EDGE ( 'NONE', *, *, #384, .F. ) ;
#213 = VERTEX_POINT ( 'NONE', #2048 ) ;
#214 = DIMENSIONAL_EXPONENTS ( 1.000000000000000000, 0.000000000000000000, 0.000000000000000000, 0.000000000000000000, 0.000000000000000000, 0.000000000000000000, 0.000000000000000000 ) ;
#215 = LINE ( 'NONE', #1465, #148 ) ;
#216 = EDGE_CURVE ( 'NONE', #707, #538, #249, .T. ) ;
#217 = PLANE ( 'NONE',  #1673 ) ;
#218 = ORIENTED_EDGE ( 'NONE', *, *, #753, .F. ) ;
#219 = EDGE_LOOP ( 'NONE', ( #770, #1445 ) ) ;
#220 = DIRECTION ( 'NONE',  ( -0.000000000000000000, -0.000000000000000000, -1.000000000000000000 ) ) ;
#221 = CARTESIAN_POINT ( 'NONE',  ( 5.354330708661417582, 2.760958115767740306, -0.5981066220594982719 ) ) ;
#222 = PLANE ( 'NONE',  #1654 ) ;
#223 = ORIENTED_EDGE ( 'NONE', *, *, #25, .T. ) ;
#224 = VECTOR ( 'NONE', #1888, 39.37007874015748143 ) ;
#225 = ORIENTED_EDGE ( 'NONE', *, *, #180, .T. ) ;
#226 = PRODUCT_DEFINITION ( 'UNKNOWN', '', #178, #1215 ) ;
#227 = CARTESIAN_POINT ( 'NONE',  ( 5.472440944881890701, 1.181102362204724532, -0.2657480314960630197 ) ) ;
#228 = ORIENTED_EDGE ( 'NONE', *, *, #611, .F. ) ;
#229 = VERTEX_POINT ( 'NONE', #1291 ) ;
#230 = PLANE ( 'NONE',  #1030 ) ;
#231 = CARTESIAN_POINT ( 'NONE',  ( 0.5905511811023621549, 1.574803149606299080, 0.3838582677165354173 ) ) ;
#232 = ORIENTED_EDGE ( 'NONE', *, *, #690, .T. ) ;
#233 = EDGE_CURVE ( 'NONE', #1475, #1431, #474, .T. ) ;
#234 = ADVANCED_FACE ( 'NONE', ( #1901 ), #925, .F. ) ;
#235 = ORIENTED_EDGE ( 'NONE', *, *, #1650, .T. ) ;
#236 = AXIS2_PLACEMENT_3D ( 'NONE', #1657, #1037, #106 ) ;
#237 = DIRECTION ( 'NONE',  ( -0.000000000000000000, -0.000000000000000000, -1.000000000000000000 ) ) ;
#238 = ORIENTED_EDGE ( 'NONE', *, *, #1599, .T. ) ;
#239 = FACE_OUTER_BOUND ( 'NONE', #1281, .T. ) ;
#240 = LINE ( 'NONE', #551, #1828 ) ;
#241 = DIRECTION ( 'NONE',  ( -1.000000000000000000, -1.577021341797098053E-16, 0.000000000000000000 ) ) ;
#242 = DIMENSIONAL_EXPONENTS ( 1.000000000000000000, 0.000000000000000000, 0.000000000000000000, 0.000000000000000000, 0.000000000000000000, 0.000000000000000000, 0.000000000000000000 ) ;
#243 = ADVANCED_FACE ( 'NONE', ( #152 ), #464, .F. ) ;
#244 = ORIENTED_EDGE ( 'NONE', *, *, #1119, .T. ) ;
#245 = VERTEX_POINT ( 'NONE', #813 ) ;
#246 = EDGE_CURVE ( 'NONE', #1918, #740, #716, .T. ) ;
#247 = VECTOR ( 'NONE', #1249, 39.37007874015748143 ) ;
#248 = CARTESIAN_POINT ( 'NONE',  ( 0.000000000000000000, 0.000000000000000000, 0.06889763779527531551 ) ) ;
#249 = CIRCLE ( 'NONE', #677, 0.2952755905511810774 ) ;
#250 = LINE ( 'NONE', #414, #305 ) ;
#251 = LINE ( 'NONE', #1053, #665 ) ;
#252 = CARTESIAN_POINT ( 'NONE',  ( 0.1181102362204725503, 1.377952755905512472, 1.370397314948375467 ) ) ;
#253 = ORIENTED_EDGE ( 'NONE', *, *, #690, .F. ) ;
#254 = AXIS2_PLACEMENT_3D ( 'NONE', #1035, #1671, #94 ) ;
#255 = LINE ( 'NONE', #1372, #2019 ) ;
#256 = LINE ( 'NONE', #1538, #865 ) ;
#257 = EDGE_CURVE ( 'NONE', #740, #1454, #1582, .T. ) ;
#258 = CARTESIAN_POINT ( 'NONE',  ( 5.472440944881890701, 1.377952755905512028, 1.488507551168848142 ) ) ;
#259 = VECTOR ( 'NONE', #603, 39.37007874015748143 ) ;
#260 =( NAMED_UNIT ( * ) SI_UNIT ( $, .STERADIAN. ) SOLID_ANGLE_UNIT ( ) );
#261 = ORIENTED_EDGE ( 'NONE', *, *, #25, .F. ) ;
#262 = VECTOR ( 'NONE', #1834, 39.37007874015748143 ) ;
#263 = DIRECTION ( 'NONE',  ( -1.000000000000000000, -0.000000000000000000, -0.000000000000000000 ) ) ;
#264 = LINE ( 'NONE', #715, #1841 ) ;
#265 = CARTESIAN_POINT ( 'NONE',  ( 0.1968503937007874127, 0.000000000000000000, 0.1968503937007874127 ) ) ;
#266 = DIRECTION ( 'NONE',  ( 1.000000000000000000, 0.000000000000000000, 0.000000000000000000 ) ) ;
#267 = DIRECTION ( 'NONE',  ( -1.000000000000000000, 0.000000000000000000, 0.000000000000000000 ) ) ;
#268 = CARTESIAN_POINT ( 'NONE',  ( 7.519685039370078705, 0.5905511811023622659, -0.2066929133858267098 ) ) ;
#269 = EDGE_CURVE ( 'NONE', #1512, #1494, #1246, .T. ) ;
#270 = CIRCLE ( 'NONE', #1473, 0.07874015748031495954 ) ;
#271 = ORIENTED_EDGE ( 'NONE', *, *, #1854, .F. ) ;
#272 = FACE_OUTER_BOUND ( 'NONE', #334, .T. ) ;
#273 = LINE ( 'NONE', #754, #328 ) ;
#274 = VECTOR ( 'NONE', #363, 39.37007874015748143 ) ;
#275 = CARTESIAN_POINT ( 'NONE',  ( 0.1968503937007874127, 0.000000000000000000, 0.1968503937007874127 ) ) ;
#276 = CARTESIAN_POINT ( 'NONE',  ( 0.5905511811023621549, 1.574803149606299080, -0.2657480314960630197 ) ) ;
#277 = FILL_AREA_STYLE_COLOUR ( '', #441 ) ;
#278 = DIRECTION ( 'NONE',  ( 0.000000000000000000, 0.000000000000000000, 1.000000000000000000 ) ) ;
#279 = CARTESIAN_POINT ( 'NONE',  ( -0.6299212598425191212, 0.5905511811023622659, 0.3838582677165354173 ) ) ;
#280 = ORIENTED_EDGE ( 'NONE', *, *, #534, .T. ) ;
#281 = DIRECTION ( 'NONE',  ( 1.000000000000000000, 0.000000000000000000, 0.000000000000000000 ) ) ;
#282 = DIRECTION ( 'NONE',  ( 1.000000000000000000, -0.000000000000000000, 0.000000000000000000 ) ) ;
#283 = DIRECTION ( 'NONE',  ( 0.000000000000000000, 0.000000000000000000, -1.000000000000000000 ) ) ;
#284 = CIRCLE ( 'NONE', #882, 0.07874015748031489015 ) ;
#285 = LINE ( 'NONE', #1572, #346 ) ;
#286 = DIRECTION ( 'NONE',  ( 0.000000000000000000, 0.000000000000000000, -1.000000000000000000 ) ) ;
#287 = PRODUCT ( 'ScooperClawV4', 'ScooperClawV4', '', ( #798 ) ) ;
#288 = VERTEX_POINT ( 'NONE', #28 ) ;
#289 = CARTESIAN_POINT ( 'NONE',  ( 7.519685039370078705, 0.5905511811023621549, 0.08858267716535433989 ) ) ;
#290 = EDGE_CURVE ( 'NONE', #1334, #1341, #617, .T. ) ;
#291 = EDGE_CURVE ( 'NONE', #802, #1487, #1147, .T. ) ;
#292 = AXIS2_PLACEMENT_3D ( 'NONE', #606, #615, #1049 ) ;
#293 = FACE_BOUND ( 'NONE', #1114, .T. ) ;
#294 = CARTESIAN_POINT ( 'NONE',  ( 0.1181102362204724532, 1.377952755905512028, -0.5981066220594983829 ) ) ;
#295 = FACE_OUTER_BOUND ( 'NONE', #410, .T. ) ;
#296 = VECTOR ( 'NONE', #1843, 39.37007874015748143 ) ;
#297 = DIRECTION ( 'NONE',  ( 0.7357940715985081814, 0.6772053486207043616, 8.542203173157421894E-51 ) ) ;
#298 = VERTEX_POINT ( 'NONE', #50 ) ;
#299 = CARTESIAN_POINT ( 'NONE',  ( 0.000000000000000000, 0.000000000000000000, 0.000000000000000000 ) ) ;
#300 = APPLICATION_CONTEXT ( 'automotive_design' ) ;
#301 = ORIENTED_EDGE ( 'NONE', *, *, #429, .T. ) ;
#302 = EDGE_CURVE ( 'NONE', #402, #564, #1136, .T. ) ;
#303 = CYLINDRICAL_SURFACE ( 'NONE', #1478, 0.1968503937007874127 ) ;
#304 = VECTOR ( 'NONE', #1166, 39.37007874015748143 ) ;
#305 = VECTOR ( 'NONE', #888, 39.37007874015748143 ) ;
#306 = DIRECTION ( 'NONE',  ( 0.000000000000000000, 0.000000000000000000, -1.000000000000000000 ) ) ;
#307 = DIRECTION ( 'NONE',  ( 0.000000000000000000, -0.000000000000000000, 1.000000000000000000 ) ) ;
#308 = AXIS2_PLACEMENT_3D ( 'NONE', #1904, #1723, #477 ) ;
#309 = PLANE ( 'NONE',  #2040 ) ;
#310 =( GEOMETRIC_REPRESENTATION_CONTEXT ( 3 ) GLOBAL_UNCERTAINTY_ASSIGNED_CONTEXT ( ( #1986 ) ) GLOBAL_UNIT_ASSIGNED_CONTEXT ( ( #1148, #19, #1128 ) ) REPRESENTATION_CONTEXT ( 'NONE', 'WORKASPACE' ) );
#311 = VERTEX_POINT ( 'NONE', #982 ) ;
#312 = DIRECTION ( 'NONE',  ( 0.000000000000000000, 0.000000000000000000, -1.000000000000000000 ) ) ;
#313 = VECTOR ( 'NONE', #1953, 39.37007874015748143 ) ;
#314 = ORIENTED_EDGE ( 'NONE', *, *, #1272, .F. ) ;
#315 = EDGE_CURVE ( 'NONE', #1446, #426, #215, .T. ) ;
#316 = CARTESIAN_POINT ( 'NONE',  ( 0.5430313332044881536, 0.000000000000000000, 0.3838582677165354173 ) ) ;
#317 = EDGE_LOOP ( 'NONE', ( #1524, #1807, #1592, #1924 ) ) ;
#318 = ORIENTED_EDGE ( 'NONE', *, *, #579, .F. ) ;
#319 = CARTESIAN_POINT ( 'NONE',  ( -0.1968503937007874127, 0.000000000000000000, 0.000000000000000000 ) ) ;
#320 = CARTESIAN_POINT ( 'NONE',  ( 5.354330708661417582, 0.7874015748031495399, 1.370397314948375245 ) ) ;
#321 = DIRECTION ( 'NONE',  ( -0.000000000000000000, -0.000000000000000000, -1.000000000000000000 ) ) ;
#322 = EDGE_CURVE ( 'NONE', #779, #1361, #1728, .T. ) ;
#323 = ORIENTED_EDGE ( 'NONE', *, *, #1132, .T. ) ;
#324 =( GEOMETRIC_REPRESENTATION_CONTEXT ( 3 ) GLOBAL_UNCERTAINTY_ASSIGNED_CONTEXT ( ( #1325 ) ) GLOBAL_UNIT_ASSIGNED_CONTEXT ( ( #443, #744, #1996 ) ) REPRESENTATION_CONTEXT ( 'NONE', 'WORKASPACE' ) );
#325 = CIRCLE ( 'NONE', #1456, 0.2952755905511810774 ) ;
#326 = ADVANCED_FACE ( 'NONE', ( #513 ), #1160, .T. ) ;
#327 = DIRECTION ( 'NONE',  ( 0.000000000000000000, -0.000000000000000000, -1.000000000000000000 ) ) ;
#328 = VECTOR ( 'NONE', #140, 39.37007874015748143 ) ;
#329 = ORIENTED_EDGE ( 'NONE', *, *, #591, .T. ) ;
#330 = EDGE_LOOP ( 'NONE', ( #1195, #545, #1501, #1846 ) ) ;
#331 = CARTESIAN_POINT ( 'NONE',  ( 4.685039370078740717, 1.574803149606299080, -0.3838582677165354173 ) ) ;
#332 = CLOSED_SHELL ( 'NONE', ( #1261, #372, #901, #2006, #764, #1703, #1715, #600, #1233, #638, #1293, #1503, #342, #877, #1252, #1932 ) ) ;
#333 = DIRECTION ( 'NONE',  ( 0.000000000000000000, 4.625929269271485914E-16, -1.000000000000000000 ) ) ;
#334 = EDGE_LOOP ( 'NONE', ( #161, #76, #1275, #364, #1982, #537 ) ) ;
#335 = DIRECTION ( 'NONE',  ( 0.000000000000000000, 0.000000000000000000, -1.000000000000000000 ) ) ;
#336 = EDGE_CURVE ( 'NONE', #837, #442, #1941, .T. ) ;
#337 = CARTESIAN_POINT ( 'NONE',  ( 4.960629921259842590, 0.6692913385826771977, 0.3838976377952755259 ) ) ;
#338 = VERTEX_POINT ( 'NONE', #1621 ) ;
#339 = VERTEX_POINT ( 'NONE', #1002 ) ;
#340 = DIRECTION ( 'NONE',  ( 0.000000000000000000, 0.000000000000000000, -1.000000000000000000 ) ) ;
#341 = CIRCLE ( 'NONE', #737, 0.2952755905511810774 ) ;
#342 = ADVANCED_FACE ( 'NONE', ( #669 ), #1642, .F. ) ;
#343 = CARTESIAN_POINT ( 'NONE',  ( 4.960629921259842590, 0.2755905511811023167, -0.3838582677165354173 ) ) ;
#344 = ORIENTED_EDGE ( 'NONE', *, *, #142, .F. ) ;
#345 = CARTESIAN_POINT ( 'NONE',  ( 0.000000000000000000, 0.000000000000000000, 0.000000000000000000 ) ) ;
#346 = VECTOR ( 'NONE', #1414, 39.37007874015748143 ) ;
#347 = DIRECTION ( 'NONE',  ( -0.000000000000000000, -1.000000000000000000, -0.000000000000000000 ) ) ;
#348 = VECTOR ( 'NONE', #1786, 39.37007874015748143 ) ;
#349 = EDGE_LOOP ( 'NONE', ( #377, #1905, #1930, #991 ) ) ;
#350 = ORIENTED_EDGE ( 'NONE', *, *, #1649, .F. ) ;
#351 = CARTESIAN_POINT ( 'NONE',  ( 0.000000000000000000, 1.181102362204724532, -0.2657480314960630197 ) ) ;
#352 = CARTESIAN_POINT ( 'NONE',  ( 0.1181102362204724532, 0.7874015748031497619, -0.5981066220594986049 ) ) ;
#353 = SHAPE_REPRESENTATION ( 'ScooperBaseV3', ( #873 ), #672 ) ;
#354 = VERTEX_POINT ( 'NONE', #1774 ) ;
#355 = DIRECTION ( 'NONE',  ( 0.000000000000000000, 1.000000000000000000, 0.000000000000000000 ) ) ;
#356 = CYLINDRICAL_SURFACE ( 'NONE', #1858, 0.07874015748031495954 ) ;
#357 = CARTESIAN_POINT ( 'NONE',  ( -0.1968503937007874127, 3.937007874015748143, 0.1968503937007874127 ) ) ;
#358 = ORIENTED_EDGE ( 'NONE', *, *, #1253, .T. ) ;
#359 = AXIS2_PLACEMENT_3D ( 'NONE', #479, #286, #1231 ) ;
#360 = VERTEX_POINT ( 'NONE', #351 ) ;
#361 = EDGE_CURVE ( 'NONE', #2, #1959, #192, .T. ) ;
#362 = DIRECTION ( 'NONE',  ( 0.000000000000000000, 0.000000000000000000, -1.000000000000000000 ) ) ;
#363 = DIRECTION ( 'NONE',  ( 0.000000000000000000, -1.000000000000000000, -1.156482317317871478E-16 ) ) ;
#364 = ORIENTED_EDGE ( 'NONE', *, *, #814, .T. ) ;
#365 = PRODUCT_CONTEXT ( 'NONE', #1623, 'mechanical' ) ;
#366 = VERTEX_POINT ( 'NONE', #1043 ) ;
#367 = CIRCLE ( 'NONE', #1536, 0.07874015748031498729 ) ;
#368 = LENGTH_MEASURE_WITH_UNIT ( LENGTH_MEASURE( 0.02539999999999999897 ), #1934 );
#369 = LINE ( 'NONE', #1326, #891 ) ;
#370 = FACE_OUTER_BOUND ( 'NONE', #819, .T. ) ;
#371 = EDGE_LOOP ( 'NONE', ( #1585, #1145 ) ) ;
#372 = ADVANCED_FACE ( 'NONE', ( #560 ), #230, .F. ) ;
#373 = EDGE_LOOP ( 'NONE', ( #323, #1541, #721, #979 ) ) ;
#374 = DIRECTION ( 'NONE',  ( 1.000000000000000000, 1.982541115402065356E-16, -0.000000000000000000 ) ) ;
#375 = CARTESIAN_POINT ( 'NONE',  ( 0.1181102362204724532, 1.377952755905512028, 0.7798461338460135339 ) ) ;
#376 = VECTOR ( 'NONE', #623, 39.37007874015748143 ) ;
#377 = ORIENTED_EDGE ( 'NONE', *, *, #1620, .T. ) ;
#378 = EDGE_LOOP ( 'NONE', ( #1964, #1837 ) ) ;
#379 = LINE ( 'NONE', #1007, #1543 ) ;
#380 = CARTESIAN_POINT ( 'NONE',  ( 5.157480314960630530, 7.582401355855259480E-33, 0.06889763779527531551 ) ) ;
#381 = CYLINDRICAL_SURFACE ( 'NONE', #1224, 0.09842519685039378963 ) ;
#382 = CIRCLE ( 'NONE', #1177, 0.07874015748031495954 ) ;
#383 = EDGE_LOOP ( 'NONE', ( #1378, #54 ) ) ;
#384 = EDGE_CURVE ( 'NONE', #1993, #779, #1978, .T. ) ;
#385 = ORIENTED_EDGE ( 'NONE', *, *, #821, .T. ) ;
#386 = CARTESIAN_POINT ( 'NONE',  ( 5.472440944881890701, 1.850393700787401174, -0.3838582677165354173 ) ) ;
#387 = DIRECTION ( 'NONE',  ( 0.000000000000000000, 0.000000000000000000, 1.000000000000000000 ) ) ;
#388 = ORIENTED_EDGE ( 'NONE', *, *, #878, .F. ) ;
#389 = CARTESIAN_POINT ( 'NONE',  ( 0.07874015748031498729, 1.968503937007874072, 0.1968503937007874127 ) ) ;
#390 = FACE_OUTER_BOUND ( 'NONE', #555, .T. ) ;
#391 = ADVANCED_FACE ( 'NONE', ( #239 ), #698, .F. ) ;
#392 = ADVANCED_FACE ( 'NONE', ( #577 ), #870, .F. ) ;
#393 = ORIENTED_EDGE ( 'NONE', *, *, #1502, .T. ) ;
#394 = AXIS2_PLACEMENT_3D ( 'NONE', #687, #530, #1805 ) ;
#395 = ORIENTED_EDGE ( 'NONE', *, *, #1337, .F. ) ;
#396 = CARTESIAN_POINT ( 'NONE',  ( 0.000000000000000000, 7.582401355855259480E-33, 0.3838582677165351953 ) ) ;
#397 = DIRECTION ( 'NONE',  ( 0.000000000000000000, 0.000000000000000000, 1.000000000000000000 ) ) ;
#398 = EDGE_CURVE ( 'NONE', #354, #779, #1682, .T. ) ;
#399 = FACE_OUTER_BOUND ( 'NONE', #149, .T. ) ;
#400 = DIRECTION ( 'NONE',  ( 0.000000000000000000, -1.000000000000000000, -1.224646799147353454E-16 ) ) ;
#401 = EDGE_CURVE ( 'NONE', #146, #984, #717, .T. ) ;
#402 = VERTEX_POINT ( 'NONE', #389 ) ;
#403 = ORIENTED_EDGE ( 'NONE', *, *, #1566, .F. ) ;
#404 = PLANE ( 'NONE',  #254 ) ;
#405 = DIRECTION ( 'NONE',  ( 1.000000000000000000, 0.000000000000000000, 0.000000000000000000 ) ) ;
#406 = EDGE_CURVE ( 'NONE', #48, #538, #1374, .T. ) ;
#407 = DIRECTION ( 'NONE',  ( -1.000000000000000000, 0.000000000000000000, 0.000000000000000000 ) ) ;
#408 = CARTESIAN_POINT ( 'NONE',  ( 0.1968503937007874127, 0.000000000000000000, 0.1968503937007874127 ) ) ;
#409 = CARTESIAN_POINT ( 'NONE',  ( 0.000000000000000000, 0.000000000000000000, 0.1968503937007874127 ) ) ;
#410 = EDGE_LOOP ( 'NONE', ( #459, #1615, #1662, #1669 ) ) ;
#411 =( GEOMETRIC_REPRESENTATION_CONTEXT ( 3 ) GLOBAL_UNCERTAINTY_ASSIGNED_CONTEXT ( ( #1842 ) ) GLOBAL_UNIT_ASSIGNED_CONTEXT ( ( #1990, #1530, #2000 ) ) REPRESENTATION_CONTEXT ( 'NONE', 'WORKASPACE' ) );
#412 = CARTESIAN_POINT ( 'NONE',  ( 0.000000000000000000, 1.850393700787401174, 0.000000000000000000 ) ) ;
#413 = VECTOR ( 'NONE', #163, 39.37007874015748143 ) ;
#414 = CARTESIAN_POINT ( 'NONE',  ( 0.1968503937007874127, 3.937007874015748143, 0.1968503937007874127 ) ) ;
#415 = DIRECTION ( 'NONE',  ( -0.000000000000000000, -0.000000000000000000, -1.000000000000000000 ) ) ;
#416 = DIRECTION ( 'NONE',  ( 0.000000000000000000, 1.224646799147353454E-16, -1.000000000000000000 ) ) ;
#417 = PLANE ( 'NONE',  #211 ) ;
#418 = ORIENTED_EDGE ( 'NONE', *, *, #87, .F. ) ;
#419 = CARTESIAN_POINT ( 'NONE',  ( 5.472440944881890701, 7.582401355855259480E-33, 0.3838582677165351953 ) ) ;
#420 = VECTOR ( 'NONE', #430, 39.37007874015748143 ) ;
#421 = CARTESIAN_POINT ( 'NONE',  ( -0.07874015748031495954, 0.000000000000000000, 0.1968503937007874127 ) ) ;
#422 = EDGE_CURVE ( 'NONE', #678, #1918, #256, .T. ) ;
#423 = CARTESIAN_POINT ( 'NONE',  ( -0.1968503937007874127, 0.000000000000000000, 0.000000000000000000 ) ) ;
#424 = CARTESIAN_POINT ( 'NONE',  ( 5.472440944881890701, 2.040556911119370209, -0.3838582677165351953 ) ) ;
#425 =( NAMED_UNIT ( * ) PLANE_ANGLE_UNIT ( ) SI_UNIT ( $, .RADIAN. ) );
#426 = VERTEX_POINT ( 'NONE', #97 ) ;
#427 = VECTOR ( 'NONE', #1647, 39.37007874015748143 ) ;
#428 = DIRECTION ( 'NONE',  ( 0.000000000000000000, 0.000000000000000000, -1.000000000000000000 ) ) ;
#429 = EDGE_CURVE ( 'NONE', #14, #1185, #889, .T. ) ;
#430 = DIRECTION ( 'NONE',  ( -0.000000000000000000, -0.000000000000000000, -1.000000000000000000 ) ) ;
#431 = PLANE ( 'NONE',  #1474 ) ;
#432 = DIRECTION ( 'NONE',  ( -1.000000000000000000, 0.000000000000000000, 0.000000000000000000 ) ) ;
#433 = DIRECTION ( 'NONE',  ( 1.000000000000000000, 0.000000000000000000, 0.000000000000000000 ) ) ;
#434 = DIRECTION ( 'NONE',  ( -1.273303335082586699E-50, 1.220733536039085108E-51, 1.000000000000000000 ) ) ;
#435 = CARTESIAN_POINT ( 'NONE',  ( 4.685039370078740717, 1.574803149606299080, -0.3838582677165354173 ) ) ;
#436 = AXIS2_PLACEMENT_3D ( 'NONE', #913, #1369, #1399 ) ;
#437 = ORIENTED_EDGE ( 'NONE', *, *, #1451, .T. ) ;
#438 = LINE ( 'NONE', #1542, #1994 ) ;
#439 = EDGE_CURVE ( 'NONE', #1467, #1777, #1833, .T. ) ;
#440 = CARTESIAN_POINT ( 'NONE',  ( 4.291338582677165725, 0.000000000000000000, -0.9232283464566929387 ) ) ;
#441 = COLOUR_RGB ( '',0.7921568627450980005, 0.8196078431372548767, 0.9333333333333333481 ) ;
#442 = VERTEX_POINT ( 'NONE', #739 ) ;
#443 =( CONVERSION_BASED_UNIT ( 'INCH', #1401 ) LENGTH_UNIT ( ) NAMED_UNIT ( #58 ) );
#444 = CARTESIAN_POINT ( 'NONE',  ( 0.000000000000000000, 1.968503937007874072, 0.1968503937007874127 ) ) ;
#445 = DIRECTION ( 'NONE',  ( 0.000000000000000000, 2.569960705150825398E-16, -1.000000000000000000 ) ) ;
#446 = DIRECTION ( 'NONE',  ( 2.845027482628807129E-39, 3.457980191320263470E-39, 1.000000000000000000 ) ) ;
#447 = LINE ( 'NONE', #788, #569 ) ;
#448 = EDGE_CURVE ( 'NONE', #229, #1652, #2029, .T. ) ;
#449 = EDGE_CURVE ( 'NONE', #1361, #837, #1665, .T. ) ;
#450 = VERTEX_POINT ( 'NONE', #736 ) ;
#451 = DIRECTION ( 'NONE',  ( 1.000000000000000000, 0.000000000000000000, 0.000000000000000000 ) ) ;
#452 = LINE ( 'NONE', #319, #1822 ) ;
#453 = DIRECTION ( 'NONE',  ( -1.000000000000000000, 0.000000000000000000, 0.000000000000000000 ) ) ;
#454 = FACE_BOUND ( 'NONE', #1672, .T. ) ;
#455 = DIRECTION ( 'NONE',  ( 1.000000000000000000, 0.000000000000000000, 0.000000000000000000 ) ) ;
#456 = VERTEX_POINT ( 'NONE', #2008 ) ;
#457 = AXIS2_PLACEMENT_3D ( 'NONE', #1397, #2021, #1251 ) ;
#458 = FACE_OUTER_BOUND ( 'NONE', #713, .T. ) ;
#459 = ORIENTED_EDGE ( 'NONE', *, *, #29, .F. ) ;
#460 = CARTESIAN_POINT ( 'NONE',  ( 4.606299212598425896, 1.574803149606299080, 0.3838582677165354173 ) ) ;
#461 = AXIS2_PLACEMENT_3D ( 'NONE', #1804, #1, #209 ) ;
#462 = ORIENTED_EDGE ( 'NONE', *, *, #821, .F. ) ;
#463 = CARTESIAN_POINT ( 'NONE',  ( -0.6299212598425191212, 0.5905511811023621549, 0.08858267716535433989 ) ) ;
#464 = CYLINDRICAL_SURFACE ( 'NONE', #508, 0.07874015748031448769 ) ;
#465 = CARTESIAN_POINT ( 'NONE',  ( 4.291338582677165725, 1.062992125984252079, 0.3838582677165354173 ) ) ;
#466 = ADVANCED_FACE ( 'NONE', ( #399 ), #1850, .F. ) ;
#467 = VERTEX_POINT ( 'NONE', #423 ) ;
#468 = PLANE ( 'NONE',  #1098 ) ;
#469 = VERTEX_POINT ( 'NONE', #1520 ) ;
#470 = CYLINDRICAL_SURFACE ( 'NONE', #196, 0.2952755905511810219 ) ;
#471 = PRESENTATION_LAYER_ASSIGNMENT (  '', '', ( #1732 ) ) ;
#472 = ORIENTED_EDGE ( 'NONE', *, *, #291, .T. ) ;
#473 = CARTESIAN_POINT ( 'NONE',  ( 0.000000000000000000, 3.937007874015748143, 0.1968503937007874127 ) ) ;
#474 = LINE ( 'NONE', #1889, #938 ) ;
#475 = EDGE_CURVE ( 'NONE', #931, #1361, #251, .T. ) ;
#476 = FILL_AREA_STYLE ('',( #277 ) ) ;
#477 = DIRECTION ( 'NONE',  ( 1.000000000000000000, -5.697809183228660888E-18, 2.567390744445674993E-16 ) ) ;
#478 = ORIENTED_EDGE ( 'NONE', *, *, #1704, .F. ) ;
#479 = CARTESIAN_POINT ( 'NONE',  ( 3.346456692913386100, 1.574803149606299080, -0.2657480314960630197 ) ) ;
#480 = EDGE_LOOP ( 'NONE', ( #845, #1611, #526, #1323 ) ) ;
#481 = DIRECTION ( 'NONE',  ( -0.000000000000000000, -2.569960705150825398E-16, 1.000000000000000000 ) ) ;
#482 = ORIENTED_EDGE ( 'NONE', *, *, #1066, .T. ) ;
#483 = VERTEX_POINT ( 'NONE', #850 ) ;
#484 = LINE ( 'NONE', #173, #1522 ) ;
#485 = EDGE_CURVE ( 'NONE', #1655, #171, #1497, .T. ) ;
#486 = CARTESIAN_POINT ( 'NONE',  ( 5.472440944881890701, 7.582401355855259480E-33, -0.3838582677165351953 ) ) ;
#487 = CONTEXT_DEPENDENT_SHAPE_REPRESENTATION ( #1479, #1921 ) ;
#488 = EDGE_LOOP ( 'NONE', ( #614, #866 ) ) ;
#489 = VECTOR ( 'NONE', #1783, 39.37007874015748143 ) ;
#490 = DIRECTION ( 'NONE',  ( 0.000000000000000000, 0.000000000000000000, -1.000000000000000000 ) ) ;
#491 = DIRECTION ( 'NONE',  ( 0.000000000000000000, -0.000000000000000000, -1.000000000000000000 ) ) ;
#492 = PRODUCT_DEFINITION_SHAPE ( 'NONE', 'NONE',  #226 ) ;
#493 = EDGE_CURVE ( 'NONE', #1334, #189, #1815, .T. ) ;
#494 = EDGE_LOOP ( 'NONE', ( #668, #1754, #1656, #1031 ) ) ;
#495 = ORIENTED_EDGE ( 'NONE', *, *, #1569, .T. ) ;
#496 = DIRECTION ( 'NONE',  ( -0.000000000000000000, -0.000000000000000000, -1.000000000000000000 ) ) ;
#497 = CARTESIAN_POINT ( 'NONE',  ( 0.1968503937007874127, 0.000000000000000000, 0.000000000000000000 ) ) ;
#498 = ORIENTED_EDGE ( 'NONE', *, *, #233, .F. ) ;
#499 = PLANE ( 'NONE',  #205 ) ;
#500 = AXIS2_PLACEMENT_3D ( 'NONE', #1335, #89, #1027 ) ;
#501 = DIRECTION ( 'NONE',  ( -1.000000000000000000, 0.000000000000000000, 0.000000000000000000 ) ) ;
#502 = VERTEX_POINT ( 'NONE', #1237 ) ;
#503 = DIRECTION ( 'NONE',  ( 1.000000000000000000, -0.000000000000000000, -0.000000000000000000 ) ) ;
#504 = CARTESIAN_POINT ( 'NONE',  ( 0.07874015748031495954, 9.642888182262623048E-18, 0.1968503937007874127 ) ) ;
#505 = DIRECTION ( 'NONE',  ( 0.000000000000000000, -2.775557561562892830E-16, 1.000000000000000000 ) ) ;
#506 = AXIS2_PLACEMENT_3D ( 'NONE', #618, #778, #433 ) ;
#507 = CARTESIAN_POINT ( 'NONE',  ( 3.346456692913386100, 1.496062992125984703, 0.3838582677165354173 ) ) ;
#508 = AXIS2_PLACEMENT_3D ( 'NONE', #1570, #1094, #1751 ) ;
#509 = ADVANCED_FACE ( 'NONE', ( #1545, #908, #916 ), #599, .F. ) ;
#510 = EDGE_CURVE ( 'NONE', #1993, #931, #1458, .T. ) ;
#511 = VERTEX_POINT ( 'NONE', #133 ) ;
#512 = ORIENTED_EDGE ( 'NONE', *, *, #1660, .F. ) ;
#513 = FACE_OUTER_BOUND ( 'NONE', #824, .T. ) ;
#514 = FACE_OUTER_BOUND ( 'NONE', #373, .T. ) ;
#515 = EDGE_LOOP ( 'NONE', ( #1576, #119, #1937, #1573 ) ) ;
#516 = EDGE_LOOP ( 'NONE', ( #385, #1772 ) ) ;
#517 = CARTESIAN_POINT ( 'NONE',  ( 0.000000000000000000, 7.582401355855259480E-33, -0.3838582677165351953 ) ) ;
#518 = LINE ( 'NONE', #782, #1363 ) ;
#519 = DIRECTION ( 'NONE',  ( 0.000000000000000000, -1.000000000000000000, 0.000000000000000000 ) ) ;
#520 = AXIS2_PLACEMENT_3D ( 'NONE', #151, #773, #906 ) ;
#521 = ORIENTED_EDGE ( 'NONE', *, *, #1205, .F. ) ;
#522 = VECTOR ( 'NONE', #1551, 39.37007874015748143 ) ;
#523 = ORIENTED_EDGE ( 'NONE', *, *, #246, .T. ) ;
#524 = DIRECTION ( 'NONE',  ( 0.000000000000000000, 1.000000000000000000, 0.000000000000000000 ) ) ;
#525 = DIRECTION ( 'NONE',  ( 0.000000000000000000, 1.000000000000000000, 0.000000000000000000 ) ) ;
#526 = ORIENTED_EDGE ( 'NONE', *, *, #648, .T. ) ;
#527 = ORIENTED_EDGE ( 'NONE', *, *, #1879, .F. ) ;
#528 = AXIS2_PLACEMENT_3D ( 'NONE', #1055, #400, #416 ) ;
#529 = CARTESIAN_POINT ( 'NONE',  ( -0.07874015748031498729, 3.937007874015748143, 0.1968503937007874127 ) ) ;
#530 = DIRECTION ( 'NONE',  ( -1.000000000000000000, 0.000000000000000000, 0.000000000000000000 ) ) ;
#531 = EDGE_LOOP ( 'NONE', ( #185, #1517, #1191, #1514 ) ) ;
#532 = ORIENTED_EDGE ( 'NONE', *, *, #648, .F. ) ;
#533 = CARTESIAN_POINT ( 'NONE',  ( -0.1968503937007874127, 0.000000000000000000, 0.1968503937007874127 ) ) ;
#534 = EDGE_CURVE ( 'NONE', #1454, #678, #2027, .T. ) ;
#535 = ADVANCED_FACE ( 'NONE', ( #1860 ), #2017, .F. ) ;
#536 = AXIS2_PLACEMENT_3D ( 'NONE', #1877, #922, #451 ) ;
#537 = ORIENTED_EDGE ( 'NONE', *, *, #939, .F. ) ;
#538 = VERTEX_POINT ( 'NONE', #124 ) ;
#539 = DIRECTION ( 'NONE',  ( -1.000000000000000000, -0.000000000000000000, -0.000000000000000000 ) ) ;
#540 = LINE ( 'NONE', #1957, #1721 ) ;
#541 = SHAPE_REPRESENTATION_RELATIONSHIP ( 'NONE' , 'NONE' ,  #353, #1890 ) ;
#542 = CIRCLE ( 'NONE', #642, 0.09842519685039378963 ) ;
#543 =( GEOMETRIC_REPRESENTATION_CONTEXT ( 3 ) GLOBAL_UNCERTAINTY_ASSIGNED_CONTEXT ( ( #1965 ) ) GLOBAL_UNIT_ASSIGNED_CONTEXT ( ( #1562, #1584, #632 ) ) REPRESENTATION_CONTEXT ( 'NONE', 'WORKASPACE' ) );
#544 = ORIENTED_EDGE ( 'NONE', *, *, #1935, .F. ) ;
#545 = ORIENTED_EDGE ( 'NONE', *, *, #751, .T. ) ;
#546 = LINE ( 'NONE', #1984, #1873 ) ;
#547 = ORIENTED_EDGE ( 'NONE', *, *, #398, .T. ) ;
#548 = ORIENTED_EDGE ( 'NONE', *, *, #1284, .T. ) ;
#549 = EDGE_CURVE ( 'NONE', #818, #984, #746, .T. ) ;
#550 = DIRECTION ( 'NONE',  ( 0.000000000000000000, 1.000000000000000000, 0.000000000000000000 ) ) ;
#551 = CARTESIAN_POINT ( 'NONE',  ( 5.472440944881890701, 1.653543307086614567, -0.2657480314960630197 ) ) ;
#552 = DIRECTION ( 'NONE',  ( 0.000000000000000000, 0.000000000000000000, 1.000000000000000000 ) ) ;
#553 = EDGE_LOOP ( 'NONE', ( #60, #1468 ) ) ;
#554 = VECTOR ( 'NONE', #988, 39.37007874015748143 ) ;
#555 = EDGE_LOOP ( 'NONE', ( #1408, #478, #1201, #633 ) ) ;
#556 = CIRCLE ( 'NONE', #622, 0.07874015748031498729 ) ;
#557 = CARTESIAN_POINT ( 'NONE',  ( 0.000000000000000000, 0.000000000000000000, 0.1968503937007874127 ) ) ;
#558 = ORIENTED_EDGE ( 'NONE', *, *, #1838, .F. ) ;
#559 = DIMENSIONAL_EXPONENTS ( 1.000000000000000000, 0.000000000000000000, 0.000000000000000000, 0.000000000000000000, 0.000000000000000000, 0.000000000000000000, 0.000000000000000000 ) ;
#560 = FACE_OUTER_BOUND ( 'NONE', #1120, .T. ) ;
#561 = FACE_OUTER_BOUND ( 'NONE', #1172, .T. ) ;
#562 = CARTESIAN_POINT ( 'NONE',  ( 0.5905511811023621549, 1.496062992125984703, -0.2657480314960630197 ) ) ;
#563 = SHAPE_REPRESENTATION ( 'CrossSectionBarV2', ( #873 ), #411 ) ;
#564 = VERTEX_POINT ( 'NONE', #1870 ) ;
#565 = VECTOR ( 'NONE', #407, 39.37007874015748143 ) ;
#566 = DIRECTION ( 'NONE',  ( -0.000000000000000000, -0.000000000000000000, -1.000000000000000000 ) ) ;
#567 = LINE ( 'NONE', #1074, #1026 ) ;
#568 = CARTESIAN_POINT ( 'NONE',  ( 3.346456692913386100, 1.496062992125984703, -0.3838582677165354173 ) ) ;
#569 = VECTOR ( 'NONE', #2042, 39.37007874015748143 ) ;
#570 = CARTESIAN_POINT ( 'NONE',  ( 0.000000000000000000, 0.000000000000000000, 0.1968503937007874127 ) ) ;
#571 = LINE ( 'NONE', #268, #1244 ) ;
#572 = VERTEX_POINT ( 'NONE', #1075 ) ;
#573 = EDGE_CURVE ( 'NONE', #402, #1463, #190, .T. ) ;
#574 = LINE ( 'NONE', #595, #110 ) ;
#575 = AXIS2_PLACEMENT_3D ( 'NONE', #248, #895, #1342 ) ;
#576 = DIRECTION ( 'NONE',  ( -0.000000000000000000, -1.000000000000000000, -0.000000000000000000 ) ) ;
#577 = FACE_OUTER_BOUND ( 'NONE', #494, .T. ) ;
#578 = CYLINDRICAL_SURFACE ( 'NONE', #1757, 0.07874015748031489015 ) ;
#579 = EDGE_CURVE ( 'NONE', #1463, #402, #556, .T. ) ;
#580 = ORIENTED_EDGE ( 'NONE', *, *, #878, .T. ) ;
#581 = CARTESIAN_POINT ( 'NONE',  ( 4.960629921259842590, 0.2755905511811023167, 0.06889763779527531551 ) ) ;
#582 = STYLED_ITEM ( 'NONE', ( #1708 ), #38 ) ;
#583 = AXIS2_PLACEMENT_3D ( 'NONE', #473, #1707, #1223 ) ;
#584 = CARTESIAN_POINT ( 'NONE',  ( 0.000000000000000000, 1.850393700787401174, -0.2657480314960630197 ) ) ;
#585 = DIRECTION ( 'NONE',  ( 0.000000000000000000, 0.000000000000000000, -1.000000000000000000 ) ) ;
#586 = CARTESIAN_POINT ( 'NONE',  ( 0.1181102362204725503, 0.7874015748031495399, 1.370397314948375245 ) ) ;
#587 = DIRECTION ( 'NONE',  ( 1.000000000000000000, 0.000000000000000000, 0.000000000000000000 ) ) ;
#588 = AXIS2_PLACEMENT_3D ( 'NONE', #1093, #1878, #1549 ) ;
#589 = CARTESIAN_POINT ( 'NONE',  ( 24.08132738810252249, 36.08322801239159361, 53.93776458862576106 ) ) ;
#590 = CARTESIAN_POINT ( 'NONE',  ( 3.346456692913386100, 1.102362204724409267, 1.488507551168849030 ) ) ;
#591 = EDGE_CURVE ( 'NONE', #311, #572, #1360, .T. ) ;
#592 = VERTEX_POINT ( 'NONE', #279 ) ;
#593 = AXIS2_PLACEMENT_3D ( 'NONE', #706, #52, #206 ) ;
#594 = VECTOR ( 'NONE', #1384, 39.37007874015748143 ) ;
#595 = CARTESIAN_POINT ( 'NONE',  ( 4.291338582677165725, 1.062992125984252079, -0.3838582677165354173 ) ) ;
#596 = DIRECTION ( 'NONE',  ( -0.000000000000000000, -1.000000000000000000, -0.000000000000000000 ) ) ;
#597 = DIRECTION ( 'NONE',  ( 0.000000000000000000, 4.625929269271485914E-16, -1.000000000000000000 ) ) ;
#598 = EDGE_CURVE ( 'NONE', #605, #1182, #1274, .T. ) ;
#599 = PLANE ( 'NONE',  #1989 ) ;
#600 = ADVANCED_FACE ( 'NONE', ( #1713 ), #2030, .F. ) ;
#601 = DIRECTION ( 'NONE',  ( -1.000000000000000000, -0.000000000000000000, -0.000000000000000000 ) ) ;
#602 =( NAMED_UNIT ( * ) PLANE_ANGLE_UNIT ( ) SI_UNIT ( $, .RADIAN. ) );
#603 = DIRECTION ( 'NONE',  ( 0.000000000000000000, 0.000000000000000000, -1.000000000000000000 ) ) ;
#604 =( GEOMETRIC_REPRESENTATION_CONTEXT ( 3 ) GLOBAL_UNCERTAINTY_ASSIGNED_CONTEXT ( ( #1674 ) ) GLOBAL_UNIT_ASSIGNED_CONTEXT ( ( #800, #1153, #1956 ) ) REPRESENTATION_CONTEXT ( 'NONE', 'WORKASPACE' ) );
#605 = VERTEX_POINT ( 'NONE', #1702 ) ;
#606 = CARTESIAN_POINT ( 'NONE',  ( 3.346456692913386100, 1.574803149606299080, 0.3838582677165354173 ) ) ;
#607 = CARTESIAN_POINT ( 'NONE',  ( 3.346456692913386100, 1.181102362204724310, 1.488507551168849030 ) ) ;
#608 = ADVANCED_FACE ( 'NONE', ( #1563 ), #910, .F. ) ;
#609 = AXIS2_PLACEMENT_3D ( 'NONE', #337, #965, #179 ) ;
#610 = DIRECTION ( 'NONE',  ( 1.000000000000000000, -0.000000000000000000, 0.000000000000000000 ) ) ;
#611 = EDGE_CURVE ( 'NONE', #1416, #1959, #1425, .T. ) ;
#612 = ORIENTED_EDGE ( 'NONE', *, *, #789, .F. ) ;
#613 = CARTESIAN_POINT ( 'NONE',  ( 0.000000000000000000, 0.000000000000000000, 0.000000000000000000 ) ) ;
#614 = ORIENTED_EDGE ( 'NONE', *, *, #1132, .F. ) ;
#615 = DIRECTION ( 'NONE',  ( -0.000000000000000000, -0.000000000000000000, -1.000000000000000000 ) ) ;
#616 = CARTESIAN_POINT ( 'NONE',  ( 0.000000000000000000, 0.000000000000000000, 0.000000000000000000 ) ) ;
#617 = LINE ( 'NONE', #1258, #313 ) ;
#618 = CARTESIAN_POINT ( 'NONE',  ( 0.000000000000000000, 0.000000000000000000, 0.000000000000000000 ) ) ;
#619 = APPLICATION_CONTEXT ( 'automotive_design' ) ;
#620 = CARTESIAN_POINT ( 'NONE',  ( 26.74749017794780315, 36.08322801239159361, 53.74091419492498289 ) ) ;
#621 = ORIENTED_EDGE ( 'NONE', *, *, #1925, .F. ) ;
#622 = AXIS2_PLACEMENT_3D ( 'NONE', #1383, #1690, #266 ) ;
#623 = DIRECTION ( 'NONE',  ( 0.000000000000000000, 0.000000000000000000, -1.000000000000000000 ) ) ;
#624 = PRODUCT_DEFINITION_SHAPE ( 'NONE', 'NONE',  #1724 ) ;
#625 = ORIENTED_EDGE ( 'NONE', *, *, #861, .T. ) ;
#626 = DIRECTION ( 'NONE',  ( 0.000000000000000000, 0.000000000000000000, -1.000000000000000000 ) ) ;
#627 = ADVANCED_FACE ( 'NONE', ( #1735 ), #1078, .F. ) ;
#628 = VECTOR ( 'NONE', #1038, 39.37007874015748143 ) ;
#629 = DIRECTION ( 'NONE',  ( 1.000000000000000000, 0.000000000000000000, 0.000000000000000000 ) ) ;
#630 = FACE_OUTER_BOUND ( 'NONE', #874, .T. ) ;
#631 = CARTESIAN_POINT ( 'NONE',  ( 0.5118110236220476672, 1.574803149606299080, -0.3838582677165354173 ) ) ;
#632 =( NAMED_UNIT ( * ) SI_UNIT ( $, .STERADIAN. ) SOLID_ANGLE_UNIT ( ) );
#633 = ORIENTED_EDGE ( 'NONE', *, *, #315, .F. ) ;
#634 = CARTESIAN_POINT ( 'NONE',  ( 5.472440944881890701, 0.5905511811023622659, -0.2066929133858267098 ) ) ;
#635 = ORIENTED_EDGE ( 'NONE', *, *, #1694, .T. ) ;
#636 = LINE ( 'NONE', #945, #1264 ) ;
#637 = CIRCLE ( 'NONE', #1969, 0.07874015748031489015 ) ;
#638 = ADVANCED_FACE ( 'NONE', ( #458 ), #128, .F. ) ;
#639 = ORIENTED_EDGE ( 'NONE', *, *, #1620, .F. ) ;
#640 = VERTEX_POINT ( 'NONE', #1088 ) ;
#641 = CARTESIAN_POINT ( 'NONE',  ( 4.862204724409448175, 0.6692913385826771977, 0.3838976377952755259 ) ) ;
#642 = AXIS2_PLACEMENT_3D ( 'NONE', #343, #822, #983 ) ;
#643 = DIRECTION ( 'NONE',  ( 0.000000000000000000, -4.625929269271485914E-16, 1.000000000000000000 ) ) ;
#644 = CONTEXT_DEPENDENT_SHAPE_REPRESENTATION ( #1056, #1610 ) ;
#645 = ORIENTED_EDGE ( 'NONE', *, *, #2052, .F. ) ;
#646 = CARTESIAN_POINT ( 'NONE',  ( 5.157480314960630530, 1.062992125984252079, 0.06889763779527531551 ) ) ;
#647 = PLANE ( 'NONE',  #1292 ) ;
#648 = EDGE_CURVE ( 'NONE', #366, #1634, #168, .T. ) ;
#649 = ORIENTED_EDGE ( 'NONE', *, *, #422, .T. ) ;
#650 = ORIENTED_EDGE ( 'NONE', *, *, #1327, .T. ) ;
#651 = FACE_OUTER_BOUND ( 'NONE', #1887, .T. ) ;
#652 = CARTESIAN_POINT ( 'NONE',  ( 0.000000000000000000, 3.937007874015748143, 0.1968503937007874127 ) ) ;
#653 = ITEM_DEFINED_TRANSFORMATION ( 'NONE', 'NONE', #741,  #873 ) ;
#654 = ORIENTED_EDGE ( 'NONE', *, *, #1557, .T. ) ;
#655 = VECTOR ( 'NONE', #4, 39.37007874015748143 ) ;
#656 = FACE_OUTER_BOUND ( 'NONE', #793, .T. ) ;
#657 = CARTESIAN_POINT ( 'NONE',  ( 0.000000000000000000, 2.362204724409448620, 0.3838582677165354173 ) ) ;
#658 = EDGE_LOOP ( 'NONE', ( #512, #157, #472, #921 ) ) ;
#659 = LINE ( 'NONE', #1438, #49 ) ;
#660 = CLOSED_SHELL ( 'NONE', ( #535, #1138, #1423, #1317, #1212, #1923, #93, #1052, #234, #16, #466, #1480 ) ) ;
#661 = LINE ( 'NONE', #504, #1771 ) ;
#662 = EDGE_CURVE ( 'NONE', #73, #1175, #99, .T. ) ;
#663 = EDGE_CURVE ( 'NONE', #511, #837, #1875, .T. ) ;
#664 = LINE ( 'NONE', #1780, #929 ) ;
#665 = VECTOR ( 'NONE', #220, 39.37007874015748143 ) ;
#666 = LINE ( 'NONE', #657, #1388 ) ;
#667 = ORIENTED_EDGE ( 'NONE', *, *, #1327, .F. ) ;
#668 = ORIENTED_EDGE ( 'NONE', *, *, #663, .T. ) ;
#669 = FACE_OUTER_BOUND ( 'NONE', #480, .T. ) ;
#670 = FACE_OUTER_BOUND ( 'NONE', #1784, .T. ) ;
#671 = ORIENTED_EDGE ( 'NONE', *, *, #1451, .F. ) ;
#672 =( GEOMETRIC_REPRESENTATION_CONTEXT ( 3 ) GLOBAL_UNCERTAINTY_ASSIGNED_CONTEXT ( ( #697 ) ) GLOBAL_UNIT_ASSIGNED_CONTEXT ( ( #1367, #425, #260 ) ) REPRESENTATION_CONTEXT ( 'NONE', 'WORKASPACE' ) );
#673 = FILL_AREA_STYLE_COLOUR ( '', #1202 ) ;
#674 = CARTESIAN_POINT ( 'NONE',  ( 5.472440944881890701, 1.259842519685039131, 1.370397314948375467 ) ) ;
#675 = VECTOR ( 'NONE', #1321, 39.37007874015748143 ) ;
#676 = CARTESIAN_POINT ( 'NONE',  ( 0.000000000000000000, 0.6692913385826774197, 0.000000000000000000 ) ) ;
#677 = AXIS2_PLACEMENT_3D ( 'NONE', #1115, #1424, #17 ) ;
#678 = VERTEX_POINT ( 'NONE', #1099 ) ;
#679 = ORIENTED_EDGE ( 'NONE', *, *, #1137, .T. ) ;
#680 = CARTESIAN_POINT ( 'NONE',  ( -0.6299212598425191212, 0.5905511811023621549, 0.08858267716535433989 ) ) ;
#681 = EDGE_CURVE ( 'NONE', #1494, #1512, #1571, .T. ) ;
#682 = CARTESIAN_POINT ( 'NONE',  ( 4.291338582677165725, 1.062992125984252079, 0.3838582677165354173 ) ) ;
#683 = DIRECTION ( 'NONE',  ( 1.000000000000000000, 0.000000000000000000, 0.000000000000000000 ) ) ;
#684 = ITEM_DEFINED_TRANSFORMATION ( 'NONE', 'NONE', #973,  #873 ) ;
#685 = ORIENTED_EDGE ( 'NONE', *, *, #2032, .T. ) ;
#686 = DIRECTION ( 'NONE',  ( -1.000000000000000000, 0.000000000000000000, 0.000000000000000000 ) ) ;
#687 = CARTESIAN_POINT ( 'NONE',  ( 0.5430313332044881536, 0.000000000000000000, 0.3838582677165354173 ) ) ;
#688 = AXIS2_PLACEMENT_3D ( 'NONE', #2015, #783, #1740 ) ;
#689 = ORIENTED_EDGE ( 'NONE', *, *, #493, .F. ) ;
#690 = EDGE_CURVE ( 'NONE', #1591, #803, #919, .T. ) ;
#691 = EDGE_CURVE ( 'NONE', #14, #1169, #447, .T. ) ;
#692 = ORIENTED_EDGE ( 'NONE', *, *, #1343, .T. ) ;
#693 = DIRECTION ( 'NONE',  ( -0.000000000000000000, -0.000000000000000000, 1.000000000000000000 ) ) ;
#694 = ORIENTED_EDGE ( 'NONE', *, *, #1704, .T. ) ;
#695 = ORIENTED_EDGE ( 'NONE', *, *, #1434, .F. ) ;
#696 = VECTOR ( 'NONE', #986, 39.37007874015748143 ) ;
#697 = UNCERTAINTY_MEASURE_WITH_UNIT (LENGTH_MEASURE( 1.000000000000000082E-05 ), #1367, 'distance_accuracy_value', 'NONE');
#698 = PLANE ( 'NONE',  #924 ) ;
#699 = FACE_OUTER_BOUND ( 'NONE', #883, .T. ) ;
#700 = CARTESIAN_POINT ( 'NONE',  ( 0.5905511811023621549, 1.574803149606299080, -0.2657480314960630197 ) ) ;
#701 = ORIENTED_EDGE ( 'NONE', *, *, #1121, .T. ) ;
#702 = EDGE_LOOP ( 'NONE', ( #1734, #547, #212, #418 ) ) ;
#703 = EDGE_CURVE ( 'NONE', #1612, #1952, #270, .T. ) ;
#704 = CARTESIAN_POINT ( 'NONE',  ( 3.346456692913386100, 1.102362204724409267, 1.488507551168849030 ) ) ;
#705 = AXIS2_PLACEMENT_3D ( 'NONE', #435, #156, #1067 ) ;
#706 = CARTESIAN_POINT ( 'NONE',  ( 0.000000000000000000, 3.937007874015748143, 0.1968503937007874127 ) ) ;
#707 = VERTEX_POINT ( 'NONE', #634 ) ;
#708 = DIRECTION ( 'NONE',  ( 0.000000000000000000, 1.156482317317871478E-16, -1.000000000000000000 ) ) ;
#709 = DIRECTION ( 'NONE',  ( -1.000000000000000000, 0.000000000000000000, 0.000000000000000000 ) ) ;
#710 = DIRECTION ( 'NONE',  ( -1.000000000000000000, 0.000000000000000000, 0.000000000000000000 ) ) ;
#711 = ADVANCED_FACE ( 'NONE', ( #1574, #147, #780, #2051, #1263 ), #468, .F. ) ;
#712 = AXIS2_PLACEMENT_3D ( 'NONE', #1862, #1743, #1439 ) ;
#713 = EDGE_LOOP ( 'NONE', ( #271, #82, #1134, #498 ) ) ;
#714 = ORIENTED_EDGE ( 'NONE', *, *, #216, .F. ) ;
#715 = CARTESIAN_POINT ( 'NONE',  ( 3.346456692913386100, 1.102362204724409267, 1.488507551168849030 ) ) ;
#716 = LINE ( 'NONE', #320, #1677 ) ;
#717 = LINE ( 'NONE', #1365, #1466 ) ;
#718 = DIRECTION ( 'NONE',  ( -1.000000000000000000, -0.000000000000000000, -0.000000000000000000 ) ) ;
#719 = AXIS2_PLACEMENT_3D ( 'NONE', #1248, #755, #1214 ) ;
#720 = DIRECTION ( 'NONE',  ( 0.000000000000000000, 0.000000000000000000, 1.000000000000000000 ) ) ;
#721 = ORIENTED_EDGE ( 'NONE', *, *, #861, .F. ) ;
#722 = AXIS2_PLACEMENT_3D ( 'NONE', #897, #1386, #769 ) ;
#723 = LINE ( 'NONE', #533, #1950 ) ;
#724 = CARTESIAN_POINT ( 'NONE',  ( 4.960629921259842590, 0.2755905511811023167, 0.3838976377952755259 ) ) ;
#725 = CARTESIAN_POINT ( 'NONE',  ( 5.472440944881890701, 2.362204724409448620, 0.3838582677165354173 ) ) ;
#726 = MANIFOLD_SOLID_BREP ( 'Boss-Extrude1', #660 ) ;
#727 = CARTESIAN_POINT ( 'NONE',  ( 0.000000000000000000, 0.000000000000000000, 0.000000000000000000 ) ) ;
#728 = EDGE_CURVE ( 'NONE', #1021, #456, #1791, .T. ) ;
#729 = AXIS2_PLACEMENT_3D ( 'NONE', #2012, #1071, #1315 ) ;
#730 = APPLICATION_CONTEXT ( 'automotive_design' ) ;
#731 = VERTEX_POINT ( 'NONE', #955 ) ;
#732 = LINE ( 'NONE', #1234, #1462 ) ;
#733 = DIRECTION ( 'NONE',  ( -0.000000000000000000, -0.000000000000000000, -1.000000000000000000 ) ) ;
#734 = DIRECTION ( 'NONE',  ( 0.000000000000000000, 1.000000000000000000, 0.000000000000000000 ) ) ;
#735 = EDGE_CURVE ( 'NONE', #592, #1416, #1142, .T. ) ;
#736 = CARTESIAN_POINT ( 'NONE',  ( 0.5905511811023621549, 1.259842519685039131, 1.488507551168849030 ) ) ;
#737 = AXIS2_PLACEMENT_3D ( 'NONE', #1211, #1856, #750 ) ;
#738 = LINE ( 'NONE', #1529, #956 ) ;
#739 = CARTESIAN_POINT ( 'NONE',  ( 3.346456692913386100, 1.653543307086614345, -0.3838582677165354173 ) ) ;
#740 = VERTEX_POINT ( 'NONE', #1626 ) ;
#741 = AXIS2_PLACEMENT_3D ( 'NONE', #1077, #941, #1863 ) ;
#742 = DIRECTION ( 'NONE',  ( 0.000000000000000000, 1.000000000000000000, 2.775557561562892830E-16 ) ) ;
#743 = PLANE ( 'NONE',  #853 ) ;
#744 =( NAMED_UNIT ( * ) PLANE_ANGLE_UNIT ( ) SI_UNIT ( $, .RADIAN. ) );
#745 = EDGE_CURVE ( 'NONE', #64, #298, #839, .T. ) ;
#746 = LINE ( 'NONE', #756, #1788 ) ;
#747 = CARTESIAN_POINT ( 'NONE',  ( 5.472440944881890701, 1.181102362204724532, -0.2657480314960630197 ) ) ;
#748 = DIRECTION ( 'NONE',  ( 1.000000000000000000, 0.000000000000000000, 0.000000000000000000 ) ) ;
#749 = ORIENTED_EDGE ( 'NONE', *, *, #662, .T. ) ;
#750 = DIRECTION ( 'NONE',  ( 0.000000000000000000, 0.000000000000000000, -1.000000000000000000 ) ) ;
#751 = EDGE_CURVE ( 'NONE', #1431, #1634, #637, .T. ) ;
#752 = VECTOR ( 'NONE', #1168, 39.37007874015748143 ) ;
#753 = EDGE_CURVE ( 'NONE', #731, #167, #664, .T. ) ;
#754 = CARTESIAN_POINT ( 'NONE',  ( 5.157480314960630530, 7.582401355855259480E-33, 0.06889763779527531551 ) ) ;
#755 = DIRECTION ( 'NONE',  ( 0.000000000000000000, 0.000000000000000000, -1.000000000000000000 ) ) ;
#756 = CARTESIAN_POINT ( 'NONE',  ( 5.157480314960630530, 1.062992125984252079, 0.06889763779527531551 ) ) ;
#757 = FACE_BOUND ( 'NONE', #371, .T. ) ;
#758 = DIRECTION ( 'NONE',  ( -0.000000000000000000, 4.625929269271485914E-16, -1.000000000000000000 ) ) ;
#759 = ORIENTED_EDGE ( 'NONE', *, *, #1092, .F. ) ;
#760 = CLOSED_SHELL ( 'NONE', ( #1433, #843, #1523, #243, #1970, #1992, #1712, #854, #109, #912, #711, #509, #1404, #391, #169, #1101, #627, #959, #392, #1282, #608, #120, #1112, #1680, #326, #1640, #1402, #1961, #1951, #1540, #59 ) ) ;
#761 = FACE_BOUND ( 'NONE', #787, .T. ) ;
#762 = DIRECTION ( 'NONE',  ( -0.000000000000000000, -0.000000000000000000, -1.000000000000000000 ) ) ;
#763 = AXIS2_PLACEMENT_3D ( 'NONE', #1632, #362, #202 ) ;
#764 = ADVANCED_FACE ( 'NONE', ( #1616 ), #499, .T. ) ;
#765 = LINE ( 'NONE', #1382, #859 ) ;
#766 = DIRECTION ( 'NONE',  ( -0.000000000000000000, -0.000000000000000000, 1.000000000000000000 ) ) ;
#767 = SURFACE_STYLE_USAGE ( .BOTH. , #134 ) ;
#768 =( LENGTH_UNIT ( ) NAMED_UNIT ( * ) SI_UNIT ( $, .METRE. ) );
#769 = DIRECTION ( 'NONE',  ( 0.000000000000000000, -1.000000000000000000, 0.000000000000000000 ) ) ;
#770 = ORIENTED_EDGE ( 'NONE', *, *, #1750, .T. ) ;
#771 = PRODUCT_RELATED_PRODUCT_CATEGORY ( 'part', '', ( #933 ) ) ;
#772 = CARTESIAN_POINT ( 'NONE',  ( 5.472440944881890701, 0.6692913385826774197, -0.5981066220594986049 ) ) ;
#773 = DIRECTION ( 'NONE',  ( 0.000000000000000000, -2.775557561562892830E-16, 1.000000000000000000 ) ) ;
#774 = VECTOR ( 'NONE', #1753, 39.37007874015748143 ) ;
#775 = CARTESIAN_POINT ( 'NONE',  ( 0.000000000000000000, 1.850393700787401174, -0.3838582677165354173 ) ) ;
#776 = SHAPE_REPRESENTATION ( 'ScooperClawV4', ( #873 ), #1874 ) ;
#777 = AXIS2_PLACEMENT_3D ( 'NONE', #331, #1455, #804 ) ;
#778 = DIRECTION ( 'NONE',  ( 0.000000000000000000, 0.000000000000000000, 1.000000000000000000 ) ) ;
#779 = VERTEX_POINT ( 'NONE', #197 ) ;
#780 = FACE_BOUND ( 'NONE', #1286, .T. ) ;
#781 = ORIENTED_EDGE ( 'NONE', *, *, #422, .F. ) ;
#782 = CARTESIAN_POINT ( 'NONE',  ( 0.000000000000000000, 1.181102362204724310, 0.2657480314960629642 ) ) ;
#783 = DIRECTION ( 'NONE',  ( -1.000000000000000000, 0.000000000000000000, 0.000000000000000000 ) ) ;
#784 = DIRECTION ( 'NONE',  ( 1.000000000000000000, 0.000000000000000000, 0.000000000000000000 ) ) ;
#785 = CIRCLE ( 'NONE', #1747, 0.07874015748031495954 ) ;
#786 = CARTESIAN_POINT ( 'NONE',  ( 0.000000000000000000, 1.377952755905512028, -0.5981066220594983829 ) ) ;
#787 = EDGE_LOOP ( 'NONE', ( #810, #635, #654, #701 ) ) ;
#788 = CARTESIAN_POINT ( 'NONE',  ( 5.354330708661417582, 1.377952755905512028, 0.7798461338460135339 ) ) ;
#789 = EDGE_CURVE ( 'NONE', #1368, #469, #1064, .T. ) ;
#790 = ORIENTED_EDGE ( 'NONE', *, *, #290, .F. ) ;
#791 = DIRECTION ( 'NONE',  ( 0.000000000000000000, 1.000000000000000000, 0.000000000000000000 ) ) ;
#792 = AXIS2_PLACEMENT_3D ( 'NONE', #851, #1498, #686 ) ;
#793 = EDGE_LOOP ( 'NONE', ( #1797, #1453, #1692, #521 ) ) ;
#794 = ORIENTED_EDGE ( 'NONE', *, *, #1469, .F. ) ;
#795 = LINE ( 'NONE', #162, #951 ) ;
#796 = DIRECTION ( 'NONE',  ( -1.000000000000000000, 0.000000000000000000, 0.000000000000000000 ) ) ;
#797 = DIRECTION ( 'NONE',  ( 0.000000000000000000, -1.000000000000000000, -2.569960705150825398E-16 ) ) ;
#798 = PRODUCT_CONTEXT ( 'NONE', #300, 'mechanical' ) ;
#799 = EDGE_LOOP ( 'NONE', ( #314, #1635, #1639, #1041 ) ) ;
#800 =( CONVERSION_BASED_UNIT ( 'INCH', #368 ) LENGTH_UNIT ( ) NAMED_UNIT ( #1638 ) );
#801 = MECHANICAL_DESIGN_GEOMETRIC_PRESENTATION_REPRESENTATION (  '', ( #1732 ), #604 ) ;
#802 = VERTEX_POINT ( 'NONE', #964 ) ;
#803 = VERTEX_POINT ( 'NONE', #517 ) ;
#804 = DIRECTION ( 'NONE',  ( -1.000000000000000000, 0.000000000000000000, 0.000000000000000000 ) ) ;
#805 = PRODUCT_DEFINITION_SHAPE ( 'NONE', 'NONE',  #806 ) ;
#806 = PRODUCT_DEFINITION ( 'UNKNOWN', '', #1701, #1304 ) ;
#807 = ORIENTED_EDGE ( 'NONE', *, *, #127, .T. ) ;
#808 = DIRECTION ( 'NONE',  ( -1.000000000000000000, 0.000000000000000000, 0.000000000000000000 ) ) ;
#809 = FACE_OUTER_BOUND ( 'NONE', #1705, .T. ) ;
#810 = ORIENTED_EDGE ( 'NONE', *, *, #208, .T. ) ;
#811 = ORIENTED_EDGE ( 'NONE', *, *, #406, .T. ) ;
#812 = EDGE_CURVE ( 'NONE', #1959, #1416, #1371, .T. ) ;
#813 = CARTESIAN_POINT ( 'NONE',  ( 7.519685039370078705, 0.5905511811023621549, 0.3838582677165354173 ) ) ;
#814 = EDGE_CURVE ( 'NONE', #1738, #1487, #379, .T. ) ;
#815 = DIRECTION ( 'NONE',  ( -1.000000000000000000, 0.000000000000000000, 0.000000000000000000 ) ) ;
#816 = APPLICATION_PROTOCOL_DEFINITION ( 'draft international standard', 'automotive_design', 1998, #1623 ) ;
#817 = DIRECTION ( 'NONE',  ( -0.000000000000000000, -0.000000000000000000, -1.000000000000000000 ) ) ;
#818 = VERTEX_POINT ( 'NONE', #646 ) ;
#819 = EDGE_LOOP ( 'NONE', ( #1036, #100, #639, #1059 ) ) ;
#820 = CARTESIAN_POINT ( 'NONE',  ( -0.6299212598425191212, 0.5905511811023621549, -0.2066929133858267098 ) ) ;
#821 = EDGE_CURVE ( 'NONE', #62, #213, #831, .T. ) ;
#822 = DIRECTION ( 'NONE',  ( 0.000000000000000000, 0.000000000000000000, -1.000000000000000000 ) ) ;
#823 = ORIENTED_EDGE ( 'NONE', *, *, #406, .F. ) ;
#824 = EDGE_LOOP ( 'NONE', ( #1714, #1504, #1630, #228 ) ) ;
#825 = CARTESIAN_POINT ( 'NONE',  ( 4.960629921259842590, 0.2755905511811023167, -0.3838582677165354173 ) ) ;
#826 = DIRECTION ( 'NONE',  ( -0.000000000000000000, -1.000000000000000000, -1.224646799147353700E-16 ) ) ;
#827 = AXIS2_PLACEMENT_3D ( 'NONE', #680, #40, #1320 ) ;
#828 = CARTESIAN_POINT ( 'NONE',  ( 5.354330708661417582, 0.7874015748031497619, 1.370397314948376133 ) ) ;
#829 = ORIENTED_EDGE ( 'NONE', *, *, #302, .T. ) ;
#830 = EDGE_CURVE ( 'NONE', #564, #1333, #6, .T. ) ;
#831 = CIRCLE ( 'NONE', #898, 0.07874015748031502893 ) ;
#832 = ORIENTED_EDGE ( 'NONE', *, *, #1205, .T. ) ;
#833 = CARTESIAN_POINT ( 'NONE',  ( 3.346456692913386100, 1.653543307086614345, -0.3838582677165354173 ) ) ;
#834 = CIRCLE ( 'NONE', #2003, 0.2952755905511810774 ) ;
#835 = DIRECTION ( 'NONE',  ( -1.000000000000000000, 0.000000000000000000, 0.000000000000000000 ) ) ;
#836 = CARTESIAN_POINT ( 'NONE',  ( -0.6299212598425191212, 0.5905511811023621549, -0.2066929133858267098 ) ) ;
#837 = VERTEX_POINT ( 'NONE', #22 ) ;
#838 = VECTOR ( 'NONE', #241, 39.37007874015748143 ) ;
#839 = LINE ( 'NONE', #1131, #304 ) ;
#840 = DIRECTION ( 'NONE',  ( 0.000000000000000000, -1.000000000000000000, 0.000000000000000000 ) ) ;
#841 = CIRCLE ( 'NONE', #1809, 0.09842519685039378963 ) ;
#842 = CARTESIAN_POINT ( 'NONE',  ( 5.059055118110236116, 0.6692913385826771977, 0.3838976377952755259 ) ) ;
#843 = ADVANCED_FACE ( 'NONE', ( #656 ), #1060, .T. ) ;
#844 = ORIENTED_EDGE ( 'NONE', *, *, #1859, .T. ) ;
#845 = ORIENTED_EDGE ( 'NONE', *, *, #1604, .F. ) ;
#846 = DIRECTION ( 'NONE',  ( -0.000000000000000000, 4.625929269271485914E-16, -1.000000000000000000 ) ) ;
#847 = CARTESIAN_POINT ( 'NONE',  ( 3.346456692913386100, 1.259842519685039131, 1.488507551168849030 ) ) ;
#848 = ORIENTED_EDGE ( 'NONE', *, *, #18, .T. ) ;
#849 = EDGE_LOOP ( 'NONE', ( #807, #2022, #154, #2031 ) ) ;
#850 = CARTESIAN_POINT ( 'NONE',  ( 5.472440944881890701, 0.000000000000000000, -0.3838582677165351953 ) ) ;
#851 = CARTESIAN_POINT ( 'NONE',  ( 3.346456692913386100, 1.574803149606299080, -0.3838582677165354173 ) ) ;
#852 = CARTESIAN_POINT ( 'NONE',  ( 0.5905511811023621549, 1.181102362204724310, 1.370397314948375467 ) ) ;
#853 = AXIS2_PLACEMENT_3D ( 'NONE', #1719, #2047, #935 ) ;
#854 = ADVANCED_FACE ( 'NONE', ( #1847 ), #121, .F. ) ;
#855 = ORIENTED_EDGE ( 'NONE', *, *, #573, .F. ) ;
#856 = EDGE_LOOP ( 'NONE', ( #1829, #1977, #969, #1308 ) ) ;
#857 = FACE_OUTER_BOUND ( 'NONE', #1670, .T. ) ;
#858 = ORIENTED_EDGE ( 'NONE', *, *, #9, .F. ) ;
#859 = VECTOR ( 'NONE', #734, 39.37007874015748143 ) ;
#860 = EDGE_LOOP ( 'NONE', ( #1625, #81, #1079, #2053 ) ) ;
#861 = EDGE_CURVE ( 'NONE', #1972, #1819, #41, .T. ) ;
#862 = AXIS2_PLACEMENT_3D ( 'NONE', #1028, #1197, #107 ) ;
#863 = DIRECTION ( 'NONE',  ( 1.000000000000000000, 0.000000000000000000, 0.000000000000000000 ) ) ;
#864 = DIRECTION ( 'NONE',  ( -0.000000000000000000, -0.000000000000000000, -1.000000000000000000 ) ) ;
#865 = VECTOR ( 'NONE', #863, 39.37007874015748143 ) ;
#866 = ORIENTED_EDGE ( 'NONE', *, *, #18, .F. ) ;
#867 = ORIENTED_EDGE ( 'NONE', *, *, #1898, .T. ) ;
#868 = LINE ( 'NONE', #421, #1020 ) ;
#869 = ORIENTED_EDGE ( 'NONE', *, *, #475, .T. ) ;
#870 = PLANE ( 'NONE',  #500 ) ;
#871 = CARTESIAN_POINT ( 'NONE',  ( 5.354330708661417582, 1.377952755905512028, -0.5981066220594984939 ) ) ;
#872 =( LENGTH_UNIT ( ) NAMED_UNIT ( * ) SI_UNIT ( $, .METRE. ) );
#873 = AXIS2_PLACEMENT_3D ( 'NONE', #1980, #552, #69 ) ;
#874 = EDGE_LOOP ( 'NONE', ( #1157, #1896, #1436, #232 ) ) ;
#875 = VECTOR ( 'NONE', #503, 39.37007874015748143 ) ;
#876 = DIRECTION ( 'NONE',  ( 1.000000000000000000, 0.000000000000000000, 0.000000000000000000 ) ) ;
#877 = ADVANCED_FACE ( 'NONE', ( #1221 ), #1091, .F. ) ;
#878 = EDGE_CURVE ( 'NONE', #954, #1760, #102, .T. ) ;
#879 = CARTESIAN_POINT ( 'NONE',  ( 4.685039370078740717, 1.181102362204724310, 1.488507551168849030 ) ) ;
#880 = DIRECTION ( 'NONE',  ( -1.000000000000000000, 0.000000000000000000, 0.000000000000000000 ) ) ;
#881 = LINE ( 'NONE', #2020, #262 ) ;
#882 = AXIS2_PLACEMENT_3D ( 'NONE', #852, #1499, #1288 ) ;
#883 = EDGE_LOOP ( 'NONE', ( #1232, #1597, #244, #811, #714, #1256, #27, #1770, #1483 ) ) ;
#884 = FACE_BOUND ( 'NONE', #995, .T. ) ;
#885 = EDGE_CURVE ( 'NONE', #137, #338, #968, .T. ) ;
#886 = AXIS2_PLACEMENT_3D ( 'NONE', #1418, #1746, #327 ) ;
#887 = DIRECTION ( 'NONE',  ( -0.000000000000000000, 4.625929269271485914E-16, -1.000000000000000000 ) ) ;
#888 = DIRECTION ( 'NONE',  ( -0.000000000000000000, -0.000000000000000000, -1.000000000000000000 ) ) ;
#889 = LINE ( 'NONE', #1987, #1127 ) ;
#890 = DIRECTION ( 'NONE',  ( 0.000000000000000000, -1.000000000000000000, -4.625929269271481378E-15 ) ) ;
#891 = VECTOR ( 'NONE', #840, 39.37007874015748143 ) ;
#892 = ORIENTED_EDGE ( 'NONE', *, *, #691, .T. ) ;
#893 = CARTESIAN_POINT ( 'NONE',  ( 5.472440944881890701, 0.000000000000000000, 1.488507551168848142 ) ) ;
#894 = PRODUCT_RELATED_PRODUCT_CATEGORY ( 'part', '', ( #159 ) ) ;
#895 = DIRECTION ( 'NONE',  ( 0.000000000000000000, -0.000000000000000000, 1.000000000000000000 ) ) ;
#896 = FILL_AREA_STYLE ('',( #1236 ) ) ;
#897 = CARTESIAN_POINT ( 'NONE',  ( 4.685039370078740717, 1.181102362204724310, 1.370397314948375467 ) ) ;
#898 = AXIS2_PLACEMENT_3D ( 'NONE', #1287, #490, #808 ) ;
#899 = DIRECTION ( 'NONE',  ( -0.000000000000000000, 4.625929269271485914E-16, -1.000000000000000000 ) ) ;
#900 = EDGE_CURVE ( 'NONE', #1011, #245, #341, .T. ) ;
#901 = ADVANCED_FACE ( 'NONE', ( #761, #884, #2002 ), #2023, .F. ) ;
#902 = VERTEX_POINT ( 'NONE', #1693 ) ;
#903 = VECTOR ( 'NONE', #1516, 39.37007874015748143 ) ;
#904 = AXIS2_PLACEMENT_3D ( 'NONE', #1045, #91, #1659 ) ;
#905 = PLANE ( 'NONE',  #1902 ) ;
#906 = DIRECTION ( 'NONE',  ( 0.000000000000000000, -1.000000000000000000, -2.775557561562892830E-16 ) ) ;
#907 = DIRECTION ( 'NONE',  ( 0.000000000000000000, 0.000000000000000000, 1.000000000000000000 ) ) ;
#908 = FACE_BOUND ( 'NONE', #15, .T. ) ;
#909 = DIRECTION ( 'NONE',  ( 0.000000000000000000, 1.000000000000000000, 0.000000000000000000 ) ) ;
#910 = PLANE ( 'NONE',  #886 ) ;
#911 = EDGE_LOOP ( 'NONE', ( #1111, #1319, #1855, #844, #1725, #129, #218, #957 ) ) ;
#912 = ADVANCED_FACE ( 'NONE', ( #272 ), #905, .F. ) ;
#913 = CARTESIAN_POINT ( 'NONE',  ( 4.685039370078740717, 1.181102362204724310, 1.488507551168849030 ) ) ;
#914 = VECTOR ( 'NONE', #1628, 39.37007874015748143 ) ;
#915 = CARTESIAN_POINT ( 'NONE',  ( 0.07874015748031498729, 3.937007874015748143, 0.000000000000000000 ) ) ;
#916 = FACE_OUTER_BOUND ( 'NONE', #799, .T. ) ;
#917 = LINE ( 'NONE', #1871, #1208 ) ;
#918 = CARTESIAN_POINT ( 'NONE',  ( 24.08132738810251894, 38.98005506592903657, 53.93776458862576106 ) ) ;
#919 = LINE ( 'NONE', #136, #376 ) ;
#920 = VECTOR ( 'NONE', #126, 39.37007874015748143 ) ;
#921 = ORIENTED_EDGE ( 'NONE', *, *, #814, .F. ) ;
#922 = DIRECTION ( 'NONE',  ( 0.000000000000000000, 0.000000000000000000, 1.000000000000000000 ) ) ;
#923 = FACE_OUTER_BOUND ( 'NONE', #1163, .T. ) ;
#924 = AXIS2_PLACEMENT_3D ( 'NONE', #725, #708, #1186 ) ;
#925 = PLANE ( 'NONE',  #1210 ) ;
#926 = LINE ( 'NONE', #7, #247 ) ;
#927 = DIRECTION ( 'NONE',  ( 0.7357940715985088476, -0.6772053486207032513, 4.764831968035104420E-40 ) ) ;
#928 = ORIENTED_EDGE ( 'NONE', *, *, #269, .F. ) ;
#929 = VECTOR ( 'NONE', #355, 39.37007874015748143 ) ;
#930 = DIRECTION ( 'NONE',  ( 1.000000000000000000, 0.000000000000000000, 0.000000000000000000 ) ) ;
#931 = VERTEX_POINT ( 'NONE', #1706 ) ;
#932 = CARTESIAN_POINT ( 'NONE',  ( 0.000000000000000000, 2.013177851820298958, -0.3838582677165354173 ) ) ;
#933 = PRODUCT ( 'ScooperAssemblyV4', 'ScooperAssemblyV4', '', ( #166 ) ) ;
#934 = AXIS2_PLACEMENT_3D ( 'NONE', #1108, #118, #748 ) ;
#935 = DIRECTION ( 'NONE',  ( 0.000000000000000000, 0.000000000000000000, -1.000000000000000000 ) ) ;
#936 = VECTOR ( 'NONE', #601, 39.37007874015748143 ) ;
#937 = DIRECTION ( 'NONE',  ( 0.000000000000000000, 1.224646799147353454E-16, -1.000000000000000000 ) ) ;
#938 = VECTOR ( 'NONE', #1761, 39.37007874015748143 ) ;
#939 = EDGE_CURVE ( 'NONE', #1406, #483, #112, .T. ) ;
#940 = CARTESIAN_POINT ( 'NONE',  ( 5.472440944881890701, 7.582401355855259480E-33, 0.3838582677165351953 ) ) ;
#941 = DIRECTION ( 'NONE',  ( -1.535121375444707986E-41, -9.031762571569788577E-41, 0.9999999999999998890 ) ) ;
#942 = EDGE_LOOP ( 'NONE', ( #1100, #679, #958, #1509 ) ) ;
#943 = DIRECTION ( 'NONE',  ( 0.000000000000000000, 0.000000000000000000, 1.000000000000000000 ) ) ;
#944 = ORIENTED_EDGE ( 'NONE', *, *, #549, .F. ) ;
#945 = CARTESIAN_POINT ( 'NONE',  ( 5.472440944881890701, 1.181102362204724310, 0.2657480314960629642 ) ) ;
#946 = EDGE_LOOP ( 'NONE', ( #358, #1034 ) ) ;
#947 = ORIENTED_EDGE ( 'NONE', *, *, #1170, .F. ) ;
#948 = CARTESIAN_POINT ( 'NONE',  ( 5.354330708661417582, 8.712151427985424094E-16, 1.370397314948375911 ) ) ;
#949 = EDGE_CURVE ( 'NONE', #167, #802, #574, .T. ) ;
#950 = CARTESIAN_POINT ( 'NONE',  ( 4.685039370078740717, 1.574803149606299080, 0.3838582677165354173 ) ) ;
#951 = VECTOR ( 'NONE', #1437, 39.37007874015748143 ) ;
#952 = CARTESIAN_POINT ( 'NONE',  ( 0.5905511811023621549, 1.181102362204724310, 1.488507551168849030 ) ) ;
#953 = APPLICATION_PROTOCOL_DEFINITION ( 'draft international standard', 'automotive_design', 1998, #1835 ) ;
#954 = VERTEX_POINT ( 'NONE', #772 ) ;
#955 = CARTESIAN_POINT ( 'NONE',  ( 0.5430313332044881536, 0.000000000000000000, -0.3838582677165354173 ) ) ;
#956 = VECTOR ( 'NONE', #1044, 39.37007874015748143 ) ;
#957 = ORIENTED_EDGE ( 'NONE', *, *, #1515, .T. ) ;
#958 = ORIENTED_EDGE ( 'NONE', *, *, #1660, .T. ) ;
#959 = ADVANCED_FACE ( 'NONE', ( #2033 ), #1410, .F. ) ;
#960 = CYLINDRICAL_SURFACE ( 'NONE', #1411, 0.07874015748031502893 ) ;
#961 = CYLINDRICAL_SURFACE ( 'NONE', #1578, 0.07874015748031498729 ) ;
#962 = ITEM_DEFINED_TRANSFORMATION ( 'NONE', 'NONE', #1103,  #873 ) ;
#963 = ORIENTED_EDGE ( 'NONE', *, *, #1006, .T. ) ;
#964 = CARTESIAN_POINT ( 'NONE',  ( 4.291338582677165725, 1.062992125984251857, -0.3838582677165355284 ) ) ;
#965 = DIRECTION ( 'NONE',  ( -0.000000000000000000, -0.000000000000000000, -1.000000000000000000 ) ) ;
#966 = EDGE_CURVE ( 'NONE', #62, #1494, #1885, .T. ) ;
#967 = EDGE_CURVE ( 'NONE', #1406, #146, #732, .T. ) ;
#968 = CIRCLE ( 'NONE', #1238, 0.09842519685039378963 ) ;
#969 = ORIENTED_EDGE ( 'NONE', *, *, #1200, .F. ) ;
#970 = ORIENTED_EDGE ( 'NONE', *, *, #1490, .F. ) ;
#971 = LINE ( 'NONE', #1283, #875 ) ;
#972 = AXIS2_PLACEMENT_3D ( 'NONE', #557, #1663, #1193 ) ;
#973 = AXIS2_PLACEMENT_3D ( 'NONE', #620, #434, #297 ) ;
#974 = CARTESIAN_POINT ( 'NONE',  ( 4.291338582677165725, 0.000000000000000000, -0.3838582677165354173 ) ) ;
#975 = APPLICATION_PROTOCOL_DEFINITION ( 'draft international standard', 'automotive_design', 1998, #730 ) ;
#976 = ORIENTED_EDGE ( 'NONE', *, *, #1033, .F. ) ;
#977 = LINE ( 'NONE', #507, #1493 ) ;
#978 = APPLICATION_CONTEXT ( 'automotive_design' ) ;
#979 = ORIENTED_EDGE ( 'NONE', *, *, #1742, .F. ) ;
#980 = EDGE_CURVE ( 'NONE', #678, #1185, #438, .T. ) ;
#981 = ORIENTED_EDGE ( 'NONE', *, *, #1820, .F. ) ;
#982 = CARTESIAN_POINT ( 'NONE',  ( 4.685039370078740717, 1.259842519685039131, 1.370397314948375467 ) ) ;
#983 = DIRECTION ( 'NONE',  ( -1.000000000000000000, 0.000000000000000000, 0.000000000000000000 ) ) ;
#984 = VERTEX_POINT ( 'NONE', #1380 ) ;
#985 = DIRECTION ( 'NONE',  ( 0.000000000000000000, 0.000000000000000000, 1.000000000000000000 ) ) ;
#986 = DIRECTION ( 'NONE',  ( 1.000000000000000000, 0.000000000000000000, 0.000000000000000000 ) ) ;
#987 = EDGE_CURVE ( 'NONE', #1652, #229, #1629, .T. ) ;
#988 = DIRECTION ( 'NONE',  ( -1.000000000000000000, -0.000000000000000000, -0.000000000000000000 ) ) ;
#989 = AXIS2_PLACEMENT_3D ( 'NONE', #276, #283, #1063 ) ;
#990 = VERTEX_POINT ( 'NONE', #1336 ) ;
#991 = ORIENTED_EDGE ( 'NONE', *, *, #745, .T. ) ;
#992 = CARTESIAN_POINT ( 'NONE',  ( 0.07874015748031498729, 1.968503937007874072, 0.1968503937007874127 ) ) ;
#993 = CIRCLE ( 'NONE', #1161, 0.07874015748031495954 ) ;
#994 = CARTESIAN_POINT ( 'NONE',  ( 5.354330708661417582, 1.377952755905512472, 1.370397314948375467 ) ) ;
#995 = EDGE_LOOP ( 'NONE', ( #181, #1547 ) ) ;
#996 = SURFACE_STYLE_USAGE ( .BOTH. , #1755 ) ;
#997 = DIRECTION ( 'NONE',  ( -1.000000000000000000, 0.000000000000000000, 0.000000000000000000 ) ) ;
#998 = DIRECTION ( 'NONE',  ( 0.000000000000000000, -0.000000000000000000, -1.000000000000000000 ) ) ;
#999 = VERTEX_POINT ( 'NONE', #529 ) ;
#1000 = VECTOR ( 'NONE', #1390, 39.37007874015748143 ) ;
#1001 = ORIENTED_EDGE ( 'NONE', *, *, #1861, .F. ) ;
#1002 = CARTESIAN_POINT ( 'NONE',  ( 0.1968503937007874127, 3.937007874015748143, 0.1968503937007874127 ) ) ;
#1003 = DIRECTION ( 'NONE',  ( 0.000000000000000000, 0.000000000000000000, 1.000000000000000000 ) ) ;
#1004 = ORIENTED_EDGE ( 'NONE', *, *, #1344, .F. ) ;
#1005 = EDGE_LOOP ( 'NONE', ( #645, #42, #832, #46 ) ) ;
#1006 = EDGE_CURVE ( 'NONE', #1182, #954, #1167, .T. ) ;
#1007 = CARTESIAN_POINT ( 'NONE',  ( 4.291338582677165725, 0.000000000000000000, 0.3838582677165354173 ) ) ;
#1008 = DIRECTION ( 'NONE',  ( -0.000000000000000000, -2.569960705150825398E-16, 1.000000000000000000 ) ) ;
#1009 = DIRECTION ( 'NONE',  ( -0.000000000000000000, -0.000000000000000000, -1.000000000000000000 ) ) ;
#1010 = DIMENSIONAL_EXPONENTS ( 1.000000000000000000, 0.000000000000000000, 0.000000000000000000, 0.000000000000000000, 0.000000000000000000, 0.000000000000000000, 0.000000000000000000 ) ;
#1011 = VERTEX_POINT ( 'NONE', #1154 ) ;
#1012 = EDGE_LOOP ( 'NONE', ( #781, #3, #1146, #1389 ) ) ;
#1013 = EDGE_CURVE ( 'NONE', #360, #990, #518, .T. ) ;
#1014 = CARTESIAN_POINT ( 'NONE',  ( 4.960629921259842590, 0.2755905511811023167, 0.06889763779527531551 ) ) ;
#1015 = ORIENTED_EDGE ( 'NONE', *, *, #967, .F. ) ;
#1016 = ORIENTED_EDGE ( 'NONE', *, *, #302, .F. ) ;
#1017 = CARTESIAN_POINT ( 'NONE',  ( 0.000000000000000000, 1.377952755905512028, -0.5981066220594983829 ) ) ;
#1018 = FACE_OUTER_BOUND ( 'NONE', #1831, .T. ) ;
#1019 = DIRECTION ( 'NONE',  ( 0.000000000000000000, 0.000000000000000000, 1.000000000000000000 ) ) ;
#1020 = VECTOR ( 'NONE', #1203, 39.37007874015748143 ) ;
#1021 = VERTEX_POINT ( 'NONE', #316 ) ;
#1022 = ORIENTED_EDGE ( 'NONE', *, *, #401, .T. ) ;
#1023 = DIMENSIONAL_EXPONENTS ( 1.000000000000000000, 0.000000000000000000, 0.000000000000000000, 0.000000000000000000, 0.000000000000000000, 0.000000000000000000, 0.000000000000000000 ) ;
#1024 = LINE ( 'NONE', #1821, #1176 ) ;
#1025 = ORIENTED_EDGE ( 'NONE', *, *, #966, .T. ) ;
#1026 = VECTOR ( 'NONE', #2005, 39.37007874015748143 ) ;
#1027 = DIRECTION ( 'NONE',  ( -1.000000000000000000, -1.982541115402065356E-16, 0.000000000000000000 ) ) ;
#1028 = CARTESIAN_POINT ( 'NONE',  ( 4.960629921259842590, 0.6692913385826771977, 0.06889763779527531551 ) ) ;
#1029 = CARTESIAN_POINT ( 'NONE',  ( 5.472440944881890701, 0.000000000000000000, 0.000000000000000000 ) ) ;
#1030 = AXIS2_PLACEMENT_3D ( 'NONE', #1966, #1196, #1510 ) ;
#1031 = ORIENTED_EDGE ( 'NONE', *, *, #1159, .F. ) ;
#1032 = EDGE_CURVE ( 'NONE', #1169, #640, #540, .T. ) ;
#1033 = EDGE_CURVE ( 'NONE', #1169, #740, #1967, .T. ) ;
#1034 = ORIENTED_EDGE ( 'NONE', *, *, #1908, .T. ) ;
#1035 = CARTESIAN_POINT ( 'NONE',  ( -0.6299212598425191212, 0.5905511811023621549, 0.08858267716535433989 ) ) ;
#1036 = ORIENTED_EDGE ( 'NONE', *, *, #1356, .T. ) ;
#1037 = DIRECTION ( 'NONE',  ( 0.000000000000000000, 0.000000000000000000, -1.000000000000000000 ) ) ;
#1038 = DIRECTION ( 'NONE',  ( 0.000000000000000000, 1.000000000000000000, 0.000000000000000000 ) ) ;
#1039 = EDGE_CURVE ( 'NONE', #1220, #1760, #369, .T. ) ;
#1040 = CIRCLE ( 'NONE', #506, 0.1968503937007874127 ) ;
#1041 = ORIENTED_EDGE ( 'NONE', *, *, #1650, .F. ) ;
#1042 = DIRECTION ( 'NONE',  ( -1.000000000000000000, 0.000000000000000000, 0.000000000000000000 ) ) ;
#1043 = CARTESIAN_POINT ( 'NONE',  ( 3.346456692913386100, 1.259842519685039131, 1.488507551168849030 ) ) ;
#1044 = DIRECTION ( 'NONE',  ( -0.000000000000000000, -0.000000000000000000, 1.000000000000000000 ) ) ;
#1045 = CARTESIAN_POINT ( 'NONE',  ( 0.000000000000000000, 3.937007874015748143, 0.000000000000000000 ) ) ;
#1046 = EDGE_CURVE ( 'NONE', #442, #354, #1058, .T. ) ;
#1047 = CIRCLE ( 'NONE', #1421, 0.07874015748031489015 ) ;
#1048 = ORIENTED_EDGE ( 'NONE', *, *, #1039, .T. ) ;
#1049 = DIRECTION ( 'NONE',  ( -1.000000000000000000, 0.000000000000000000, 0.000000000000000000 ) ) ;
#1050 = CARTESIAN_POINT ( 'NONE',  ( 5.157480314960630530, 7.582401355855259480E-33, 0.06889763779527531551 ) ) ;
#1051 = FACE_OUTER_BOUND ( 'NONE', #515, .T. ) ;
#1052 = ADVANCED_FACE ( 'NONE', ( #1179 ), #303, .T. ) ;
#1053 = CARTESIAN_POINT ( 'NONE',  ( 0.5118110236220476672, 1.574803149606299080, 0.3838582677165354173 ) ) ;
#1054 = EDGE_CURVE ( 'NONE', #1220, #1341, #56, .T. ) ;
#1055 = CARTESIAN_POINT ( 'NONE',  ( 0.000000000000000000, 0.7874015748031496509, 9.642888182262624280E-17 ) ) ;
#1056 =( REPRESENTATION_RELATIONSHIP ('NONE','NONE', #139, #563 ) REPRESENTATION_RELATIONSHIP_WITH_TRANSFORMATION ( #653 )SHAPE_REPRESENTATION_RELATIONSHIP( ) );
#1057 = DIRECTION ( 'NONE',  ( -1.000000000000000000, 0.000000000000000000, 0.000000000000000000 ) ) ;
#1058 = CIRCLE ( 'NONE', #792, 0.07874015748031448769 ) ;
#1059 = ORIENTED_EDGE ( 'NONE', *, *, #1649, .T. ) ;
#1060 = CYLINDRICAL_SURFACE ( 'NONE', #1867, 0.2952755905511810219 ) ;
#1061 = LINE ( 'NONE', #948, #655 ) ;
#1062 = LINE ( 'NONE', #123, #1525 ) ;
#1063 = DIRECTION ( 'NONE',  ( -1.000000000000000000, 0.000000000000000000, 0.000000000000000000 ) ) ;
#1064 = CIRCLE ( 'NONE', #1806, 0.09842519685039378963 ) ;
#1065 = CARTESIAN_POINT ( 'NONE',  ( 5.472440944881890701, 1.181102362204724310, 0.2657480314960629642 ) ) ;
#1066 = EDGE_CURVE ( 'NONE', #1819, #1972, #1331, .T. ) ;
#1067 = DIRECTION ( 'NONE',  ( -1.000000000000000000, 0.000000000000000000, 0.000000000000000000 ) ) ;
#1068 = ORIENTED_EDGE ( 'NONE', *, *, #745, .F. ) ;
#1069 = AXIS2_PLACEMENT_3D ( 'NONE', #1995, #566, #1042 ) ;
#1070 = PRODUCT_DEFINITION_FORMATION_WITH_SPECIFIED_SOURCE ( 'ANY', '', #159, .NOT_KNOWN. ) ;
#1071 = DIRECTION ( 'NONE',  ( 0.000000000000000000, 0.000000000000000000, -1.000000000000000000 ) ) ;
#1072 = DIRECTION ( 'NONE',  ( 0.000000000000000000, -1.000000000000000000, -1.156482317317871478E-16 ) ) ;
#1073 = EDGE_CURVE ( 'NONE', #803, #171, #1471, .T. ) ;
#1074 = CARTESIAN_POINT ( 'NONE',  ( 0.5905511811023621549, 1.259842519685039131, 1.488507551168849030 ) ) ;
#1075 = CARTESIAN_POINT ( 'NONE',  ( 4.685039370078740717, 1.102362204724409267, 1.370397314948375467 ) ) ;
#1076 = SURFACE_STYLE_FILL_AREA ( #476 ) ;
#1077 = CARTESIAN_POINT ( 'NONE',  ( 26.74749017794780315, 38.98005506592903657, 53.74091419492498289 ) ) ;
#1078 = PLANE ( 'NONE',  #1886 ) ;
#1079 = ORIENTED_EDGE ( 'NONE', *, *, #728, .F. ) ;
#1080 = DIRECTION ( 'NONE',  ( -0.000000000000000000, 0.000000000000000000, -1.000000000000000000 ) ) ;
#1081 =( REPRESENTATION_RELATIONSHIP ('NONE','NONE', #139, #563 ) REPRESENTATION_RELATIONSHIP_WITH_TRANSFORMATION ( #684 )SHAPE_REPRESENTATION_RELATIONSHIP( ) );
#1082 = FACE_OUTER_BOUND ( 'NONE', #658, .T. ) ;
#1083 = CARTESIAN_POINT ( 'NONE',  ( 3.346456692913386100, 1.102362204724409267, 1.488507551168849030 ) ) ;
#1084 = VECTOR ( 'NONE', #66, 39.37007874015748143 ) ;
#1085 = CARTESIAN_POINT ( 'NONE',  ( -0.07874015748031498729, 1.968503937007874072, 0.000000000000000000 ) ) ;
#1086 = DIRECTION ( 'NONE',  ( 0.7357940715985105129, -0.6772053486207014750, 2.484083257334085771E-40 ) ) ;
#1087 = ORIENTED_EDGE ( 'NONE', *, *, #573, .T. ) ;
#1088 = CARTESIAN_POINT ( 'NONE',  ( 5.472440944881890701, 1.377952755905512028, -0.5981066220594983829 ) ) ;
#1089 = CIRCLE ( 'NONE', #1600, 0.07874015748031489015 ) ;
#1090 = VERTEX_POINT ( 'NONE', #380 ) ;
#1091 = CYLINDRICAL_SURFACE ( 'NONE', #436, 0.07874015748031489015 ) ;
#1092 = EDGE_CURVE ( 'NONE', #1634, #902, #1579, .T. ) ;
#1093 = CARTESIAN_POINT ( 'NONE',  ( 4.685039370078740717, 1.181102362204724310, 1.370397314948375467 ) ) ;
#1094 = DIRECTION ( 'NONE',  ( -0.000000000000000000, -0.000000000000000000, -1.000000000000000000 ) ) ;
#1095 = CARTESIAN_POINT ( 'NONE',  ( 4.862204724409449064, 0.2755905511811023167, -0.3838582677165354173 ) ) ;
#1096 = DIRECTION ( 'NONE',  ( -4.539397345018350863E-40, 2.103897017119678870E-40, 0.9999999999999998890 ) ) ;
#1097 = ORIENTED_EDGE ( 'NONE', *, *, #966, .F. ) ;
#1098 = AXIS2_PLACEMENT_3D ( 'NONE', #1429, #114, #1110 ) ;
#1099 = CARTESIAN_POINT ( 'NONE',  ( 0.1181102362204725503, 0.7874015748031497619, 1.370397314948376133 ) ) ;
#1100 = ORIENTED_EDGE ( 'NONE', *, *, #1344, .T. ) ;
#1101 = ADVANCED_FACE ( 'NONE', ( #699 ), #150, .T. ) ;
#1102 = CARTESIAN_POINT ( 'NONE',  ( 7.519685039370078705, 0.5905511811023621549, 0.08858267716535433989 ) ) ;
#1103 = AXIS2_PLACEMENT_3D ( 'NONE', #1385, #278, #1427 ) ;
#1104 = EDGE_LOOP ( 'NONE', ( #625, #482 ) ) ;
#1105 = LINE ( 'NONE', #1857, #420 ) ;
#1106 = DIRECTION ( 'NONE',  ( 1.000000000000000000, 0.000000000000000000, 0.000000000000000000 ) ) ;
#1107 = FACE_OUTER_BOUND ( 'NONE', #1736, .T. ) ;
#1108 = CARTESIAN_POINT ( 'NONE',  ( 0.000000000000000000, 0.000000000000000000, 0.000000000000000000 ) ) ;
#1109 = ORIENTED_EDGE ( 'NONE', *, *, #384, .T. ) ;
#1110 = DIRECTION ( 'NONE',  ( 1.000000000000000000, 0.000000000000000000, -0.000000000000000000 ) ) ;
#1111 = ORIENTED_EDGE ( 'NONE', *, *, #1073, .T. ) ;
#1112 = ADVANCED_FACE ( 'NONE', ( #1897 ), #470, .T. ) ;
#1113 = ORIENTED_EDGE ( 'NONE', *, *, #246, .F. ) ;
#1114 = EDGE_LOOP ( 'NONE', ( #329, #1914 ) ) ;
#1115 = CARTESIAN_POINT ( 'NONE',  ( 5.472440944881890701, 0.5905511811023621549, 0.08858267716535433989 ) ) ;
#1116 = COLOUR_RGB ( '',0.7921568627450980005, 0.8196078431372548767, 0.9333333333333333481 ) ;
#1117 = VECTOR ( 'NONE', #693, 39.37007874015748143 ) ;
#1118 = FACE_OUTER_BOUND ( 'NONE', #1355, .T. ) ;
#1119 = EDGE_CURVE ( 'NONE', #1641, #48, #636, .T. ) ;
#1120 = EDGE_LOOP ( 'NONE', ( #10, #1165, #1601, #1790, #1808, #976, #1943, #261 ) ) ;
#1121 = EDGE_CURVE ( 'NONE', #1651, #450, #1089, .T. ) ;
#1122 = CARTESIAN_POINT ( 'NONE',  ( 0.000000000000000000, 1.968503937007874072, 0.000000000000000000 ) ) ;
#1123 = LINE ( 'NONE', #1948, #914 ) ;
#1124 = ORIENTED_EDGE ( 'NONE', *, *, #1013, .T. ) ;
#1125 = ORIENTED_EDGE ( 'NONE', *, *, #1687, .F. ) ;
#1126 = CARTESIAN_POINT ( 'NONE',  ( 0.5430313332044881536, 1.062992125984252079, -0.3838582677165354173 ) ) ;
#1127 = VECTOR ( 'NONE', #539, 39.37007874015748143 ) ;
#1128 =( NAMED_UNIT ( * ) SI_UNIT ( $, .STERADIAN. ) SOLID_ANGLE_UNIT ( ) );
#1129 = CONTEXT_DEPENDENT_SHAPE_REPRESENTATION ( #1495, #1222 ) ;
#1130 = EDGE_LOOP ( 'NONE', ( #1727, #544, #1295, #1813 ) ) ;
#1131 = CARTESIAN_POINT ( 'NONE',  ( -0.1968503937007874127, 0.000000000000000000, 0.1968503937007874127 ) ) ;
#1132 = EDGE_CURVE ( 'NONE', #999, #1265, #367, .T. ) ;
#1133 = CARTESIAN_POINT ( 'NONE',  ( 5.472440944881890701, 7.582401355855259480E-33, -0.3838582677165351953 ) ) ;
#1134 = ORIENTED_EDGE ( 'NONE', *, *, #1604, .T. ) ;
#1135 = ORIENTED_EDGE ( 'NONE', *, *, #1284, .F. ) ;
#1136 = LINE ( 'NONE', #992, #1940 ) ;
#1137 = EDGE_CURVE ( 'NONE', #818, #1192, #1817, .T. ) ;
#1138 = ADVANCED_FACE ( 'NONE', ( #1432 ), #356, .F. ) ;
#1139 = CIRCLE ( 'NONE', #1243, 0.07874015748031489015 ) ;
#1140 = APPLICATION_PROTOCOL_DEFINITION ( 'draft international standard', 'automotive_design', 1998, #1277 ) ;
#1141 = AXIS2_PLACEMENT_3D ( 'NONE', #1413, #1447, #307 ) ;
#1142 = LINE ( 'NONE', #1926, #1836 ) ;
#1143 = DIRECTION ( 'NONE',  ( 1.000000000000000000, 0.000000000000000000, 0.000000000000000000 ) ) ;
#1144 = CARTESIAN_POINT ( 'NONE',  ( 5.472440944881890701, 1.850393700787401174, 0.3838582677165354173 ) ) ;
#1145 = ORIENTED_EDGE ( 'NONE', *, *, #1189, .F. ) ;
#1146 = ORIENTED_EDGE ( 'NONE', *, *, #429, .F. ) ;
#1147 = LINE ( 'NONE', #1477, #348 ) ;
#1148 =( CONVERSION_BASED_UNIT ( 'INCH', #1303 ) LENGTH_UNIT ( ) NAMED_UNIT ( #242 ) );
#1149 = VECTOR ( 'NONE', #1936, 39.37007874015748143 ) ;
#1150 = ORIENTED_EDGE ( 'NONE', *, *, #663, .F. ) ;
#1151 = ITEM_DEFINED_TRANSFORMATION ( 'NONE', 'NONE', #1279,  #873 ) ;
#1152 = ORIENTED_EDGE ( 'NONE', *, *, #1769, .F. ) ;
#1153 =( NAMED_UNIT ( * ) PLANE_ANGLE_UNIT ( ) SI_UNIT ( $, .RADIAN. ) );
#1154 = CARTESIAN_POINT ( 'NONE',  ( 7.519685039370078705, 0.5905511811023622659, -0.2066929133858267098 ) ) ;
#1155 = FACE_OUTER_BOUND ( 'NONE', #849, .T. ) ;
#1156 = AXIS2_PLACEMENT_3D ( 'NONE', #590, #1906, #1598 ) ;
#1157 = ORIENTED_EDGE ( 'NONE', *, *, #1515, .F. ) ;
#1158 = ORIENTED_EDGE ( 'NONE', *, *, #812, .T. ) ;
#1159 = EDGE_CURVE ( 'NONE', #511, #73, #240, .T. ) ;
#1160 = CYLINDRICAL_SURFACE ( 'NONE', #827, 0.2952755905511810774 ) ;
#1161 = AXIS2_PLACEMENT_3D ( 'NONE', #570, #1826, #587 ) ;
#1162 = CARTESIAN_POINT ( 'NONE',  ( 0.000000000000000000, 1.968503937007874072, 0.1968503937007874127 ) ) ;
#1163 = EDGE_LOOP ( 'NONE', ( #1824, #947, #393, #1564 ) ) ;
#1164 = SHAPE_DEFINITION_REPRESENTATION ( #624, #139 ) ;
#1165 = ORIENTED_EDGE ( 'NONE', *, *, #142, .T. ) ;
#1166 = DIRECTION ( 'NONE',  ( -0.000000000000000000, -1.000000000000000000, -0.000000000000000000 ) ) ;
#1167 = LINE ( 'NONE', #1947, #696 ) ;
#1168 = DIRECTION ( 'NONE',  ( -0.000000000000000000, -0.000000000000000000, -1.000000000000000000 ) ) ;
#1169 = VERTEX_POINT ( 'NONE', #871 ) ;
#1170 = EDGE_CURVE ( 'NONE', #189, #1454, #881, .T. ) ;
#1171 = AXIS2_PLACEMENT_3D ( 'NONE', #1122, #1608, #1450 ) ;
#1172 = EDGE_LOOP ( 'NONE', ( #280, #649, #523, #43 ) ) ;
#1173 = CARTESIAN_POINT ( 'NONE',  ( 3.346456692913386100, 1.259842519685039131, 1.370397314948375467 ) ) ;
#1174 = CARTESIAN_POINT ( 'NONE',  ( 0.000000000000000000, 1.968503937007874072, 0.000000000000000000 ) ) ;
#1175 = VERTEX_POINT ( 'NONE', #90 ) ;
#1176 = VECTOR ( 'NONE', #74, 39.37007874015748143 ) ;
#1177 = AXIS2_PLACEMENT_3D ( 'NONE', #409, #1019, #1188 ) ;
#1178 = CARTESIAN_POINT ( 'NONE',  ( 5.472440944881890701, 1.850393700787401174, -0.3838582677165354173 ) ) ;
#1179 = FACE_OUTER_BOUND ( 'NONE', #1130, .T. ) ;
#1180 = LENGTH_MEASURE_WITH_UNIT ( LENGTH_MEASURE( 0.02539999999999999897 ), #872 );
#1181 = EDGE_LOOP ( 'NONE', ( #1644, #829, #858, #981 ) ) ;
#1182 = VERTEX_POINT ( 'NONE', #1217 ) ;
#1183 = FACE_OUTER_BOUND ( 'NONE', #942, .T. ) ;
#1184 = ORIENTED_EDGE ( 'NONE', *, *, #1469, .T. ) ;
#1185 = VERTEX_POINT ( 'NONE', #252 ) ;
#1186 = DIRECTION ( 'NONE',  ( 0.000000000000000000, 1.000000000000000000, 1.156482317317871478E-16 ) ) ;
#1187 = PLANE ( 'NONE',  #101 ) ;
#1188 = DIRECTION ( 'NONE',  ( 1.000000000000000000, 0.000000000000000000, 0.000000000000000000 ) ) ;
#1189 = EDGE_CURVE ( 'NONE', #1802, #182, #993, .T. ) ;
#1190 = EDGE_CURVE ( 'NONE', #640, #1220, #738, .T. ) ;
#1191 = ORIENTED_EDGE ( 'NONE', *, *, #987, .T. ) ;
#1192 = VERTEX_POINT ( 'NONE', #1511 ) ;
#1193 = DIRECTION ( 'NONE',  ( 1.000000000000000000, 0.000000000000000000, 0.000000000000000000 ) ) ;
#1194 = AXIS2_PLACEMENT_3D ( 'NONE', #1266, #1420, #626 ) ;
#1195 = ORIENTED_EDGE ( 'NONE', *, *, #233, .T. ) ;
#1196 = DIRECTION ( 'NONE',  ( 0.000000000000000000, 0.000000000000000000, 1.000000000000000000 ) ) ;
#1197 = DIRECTION ( 'NONE',  ( -0.000000000000000000, 0.000000000000000000, -1.000000000000000000 ) ) ;
#1198 = DIRECTION ( 'NONE',  ( -0.000000000000000000, -0.000000000000000000, -1.000000000000000000 ) ) ;
#1199 = VECTOR ( 'NONE', #1528, 39.37007874015748143 ) ;
#1200 = EDGE_CURVE ( 'NONE', #92, #339, #1816, .T. ) ;
#1201 = ORIENTED_EDGE ( 'NONE', *, *, #2025, .F. ) ;
#1202 = COLOUR_RGB ( '',0.7921568627450980005, 0.8196078431372548767, 0.9333333333333333481 ) ;
#1203 = DIRECTION ( 'NONE',  ( -0.000000000000000000, -0.000000000000000000, -1.000000000000000000 ) ) ;
#1204 = DIRECTION ( 'NONE',  ( 0.000000000000000000, 0.000000000000000000, -1.000000000000000000 ) ) ;
#1205 = EDGE_CURVE ( 'NONE', #245, #538, #1375, .T. ) ;
#1206 = CARTESIAN_POINT ( 'NONE',  ( 0.5905511811023621549, 1.496062992125984481, 0.3838582677165354173 ) ) ;
#1207 = PLANE ( 'NONE',  #528 ) ;
#1208 = VECTOR ( 'NONE', #1892, 39.37007874015748143 ) ;
#1209 = ORIENTED_EDGE ( 'NONE', *, *, #322, .T. ) ;
#1210 = AXIS2_PLACEMENT_3D ( 'NONE', #1912, #1106, #340 ) ;
#1211 = CARTESIAN_POINT ( 'NONE',  ( 7.519685039370078705, 0.5905511811023621549, 0.08858267716535433989 ) ) ;
#1212 = ADVANCED_FACE ( 'NONE', ( #390, #1676, #1668, #98 ), #1187, .F. ) ;
#1213 = LINE ( 'NONE', #1050, #1117 ) ;
#1214 = DIRECTION ( 'NONE',  ( -1.000000000000000000, 0.000000000000000000, 0.000000000000000000 ) ) ;
#1215 = PRODUCT_DEFINITION_CONTEXT ( 'detailed design', #1277, 'design' ) ;
#1216 = CARTESIAN_POINT ( 'NONE',  ( 0.000000000000000000, 0.000000000000000000, 0.1968503937007874127 ) ) ;
#1217 = CARTESIAN_POINT ( 'NONE',  ( 0.000000000000000000, 0.6692913385826774197, -0.5981066220594986049 ) ) ;
#1218 = CARTESIAN_POINT ( 'NONE',  ( 5.059055118110236116, 0.2755905511811023167, 0.3838976377952755259 ) ) ;
#1219 = AXIS2_PLACEMENT_3D ( 'NONE', #463, #1422, #306 ) ;
#1220 = VERTEX_POINT ( 'NONE', #78 ) ;
#1221 = FACE_OUTER_BOUND ( 'NONE', #1250, .T. ) ;
#1222 = PRODUCT_DEFINITION_SHAPE ( 'NONE', 'NONE',  #2062 ) ;
#1223 = DIRECTION ( 'NONE',  ( 1.000000000000000000, 0.000000000000000000, 0.000000000000000000 ) ) ;
#1224 = AXIS2_PLACEMENT_3D ( 'NONE', #1928, #1009, #501 ) ;
#1225 = EDGE_CURVE ( 'NONE', #1655, #483, #1358, .T. ) ;
#1226 = FACE_OUTER_BOUND ( 'NONE', #856, .T. ) ;
#1227 = DIRECTION ( 'NONE',  ( 0.000000000000000000, 0.000000000000000000, -1.000000000000000000 ) ) ;
#1228 = DIRECTION ( 'NONE',  ( 0.000000000000000000, 1.000000000000000000, -0.000000000000000000 ) ) ;
#1229 = CARTESIAN_POINT ( 'NONE',  ( 0.000000000000000000, 0.000000000000000000, 0.000000000000000000 ) ) ;
#1230 = CIRCLE ( 'NONE', #862, 0.09842519685039378963 ) ;
#1231 = DIRECTION ( 'NONE',  ( -1.000000000000000000, 0.000000000000000000, 0.000000000000000000 ) ) ;
#1232 = ORIENTED_EDGE ( 'NONE', *, *, #127, .F. ) ;
#1233 = ADVANCED_FACE ( 'NONE', ( #1844 ), #1999, .F. ) ;
#1234 = CARTESIAN_POINT ( 'NONE',  ( 5.472440944881890701, 7.582401355855259480E-33, 0.3838582677165351953 ) ) ;
#1235 = FACE_OUTER_BOUND ( 'NONE', #1012, .T. ) ;
#1236 = FILL_AREA_STYLE_COLOUR ( '', #1116 ) ;
#1237 = CARTESIAN_POINT ( 'NONE',  ( 4.685039370078740717, 1.102362204724409267, 1.488507551168849030 ) ) ;
#1238 = AXIS2_PLACEMENT_3D ( 'NONE', #581, #1080, #281 ) ;
#1239 = CARTESIAN_POINT ( 'NONE',  ( 5.157480314960630530, 7.582401355855259480E-33, 0.06889763779527531551 ) ) ;
#1240 = DIRECTION ( 'NONE',  ( 0.000000000000000000, 0.000000000000000000, 1.000000000000000000 ) ) ;
#1241 = DIRECTION ( 'NONE',  ( 1.000000000000000000, -0.000000000000000000, 0.000000000000000000 ) ) ;
#1242 = ORIENTED_EDGE ( 'NONE', *, *, #1622, .T. ) ;
#1243 = AXIS2_PLACEMENT_3D ( 'NONE', #1762, #333, #525 ) ;
#1244 = VECTOR ( 'NONE', #108, 39.37007874015748143 ) ;
#1245 = DIRECTION ( 'NONE',  ( -1.000000000000000000, 0.000000000000000000, 0.000000000000000000 ) ) ;
#1246 = CIRCLE ( 'NONE', #777, 0.07874015748031502893 ) ;
#1247 = CARTESIAN_POINT ( 'NONE',  ( -0.6299212598425191212, 0.5905511811023621549, 0.08858267716535433989 ) ) ;
#1248 = CARTESIAN_POINT ( 'NONE',  ( 4.685039370078740717, 1.574803149606299080, -0.2657480314960630197 ) ) ;
#1249 = DIRECTION ( 'NONE',  ( 1.000000000000000000, 0.000000000000000000, 0.000000000000000000 ) ) ;
#1250 = EDGE_LOOP ( 'NONE', ( #1910, #695, #1764, #1125 ) ) ;
#1251 = DIRECTION ( 'NONE',  ( 0.000000000000000000, 0.000000000000000000, -1.000000000000000000 ) ) ;
#1252 = ADVANCED_FACE ( 'NONE', ( #561 ), #1207, .F. ) ;
#1253 = EDGE_CURVE ( 'NONE', #21, #1789, #1230, .T. ) ;
#1254 = ORIENTED_EDGE ( 'NONE', *, *, #949, .T. ) ;
#1255 = CARTESIAN_POINT ( 'NONE',  ( 4.960629921259842590, 0.6692913385826771977, 0.3838976377952755259 ) ) ;
#1256 = ORIENTED_EDGE ( 'NONE', *, *, #68, .F. ) ;
#1257 = LINE ( 'NONE', #113, #224 ) ;
#1258 = CARTESIAN_POINT ( 'NONE',  ( 0.000000000000000000, 1.377952755905512028, 1.488507551168848142 ) ) ;
#1259 = VECTOR ( 'NONE', #1698, 39.37007874015748143 ) ;
#1260 = LINE ( 'NONE', #1270, #1518 ) ;
#1261 = ADVANCED_FACE ( 'NONE', ( #2009 ), #578, .F. ) ;
#1262 = EDGE_LOOP ( 'NONE', ( #1894, #238, #1963, #253, #1645, #1588, #1158, #1330, #1971 ) ) ;
#1263 = FACE_BOUND ( 'NONE', #195, .T. ) ;
#1264 = VECTOR ( 'NONE', #481, 39.37007874015748143 ) ;
#1265 = VERTEX_POINT ( 'NONE', #1979 ) ;
#1266 = CARTESIAN_POINT ( 'NONE',  ( 5.472440944881890701, 0.000000000000000000, 0.000000000000000000 ) ) ;
#1267 = ORIENTED_EDGE ( 'NONE', *, *, #1137, .F. ) ;
#1268 = DIRECTION ( 'NONE',  ( 1.000000000000000000, 0.000000000000000000, 0.000000000000000000 ) ) ;
#1269 = CARTESIAN_POINT ( 'NONE',  ( 4.862204724409449064, 0.2755905511811023167, 0.06889763779527531551 ) ) ;
#1270 = CARTESIAN_POINT ( 'NONE',  ( 0.1968503937007874127, 0.000000000000000000, 0.1968503937007874127 ) ) ;
#1271 =( CONVERSION_BASED_UNIT ( 'INCH', #1415 ) LENGTH_UNIT ( ) NAMED_UNIT ( #214 ) );
#1272 = EDGE_CURVE ( 'NONE', #1467, #1641, #117, .T. ) ;
#1273 = ORIENTED_EDGE ( 'NONE', *, *, #187, .T. ) ;
#1274 = LINE ( 'NONE', #1895, #259 ) ;
#1275 = ORIENTED_EDGE ( 'NONE', *, *, #1768, .F. ) ;
#1276 = DIRECTION ( 'NONE',  ( 1.000000000000000000, 0.000000000000000000, 0.000000000000000000 ) ) ;
#1277 = APPLICATION_CONTEXT ( 'automotive_design' ) ;
#1278 = PRODUCT ( 'ScooperBaseV3', 'ScooperBaseV3', '', ( #1776 ) ) ;
#1279 = AXIS2_PLACEMENT_3D ( 'NONE', #918, #1096, #927 ) ;
#1280 = ORIENTED_EDGE ( 'NONE', *, *, #1558, .T. ) ;
#1281 = EDGE_LOOP ( 'NONE', ( #548, #1949, #1015, #200, #823, #667, #1876, #867, #1152, #72 ) ) ;
#1282 = ADVANCED_FACE ( 'NONE', ( #1018 ), #1658, .F. ) ;
#1283 = CARTESIAN_POINT ( 'NONE',  ( 3.346456692913386100, 1.259842519685039131, 1.488507551168849030 ) ) ;
#1284 = EDGE_CURVE ( 'NONE', #456, #984, #1350, .T. ) ;
#1285 = CARTESIAN_POINT ( 'NONE',  ( 4.763779527559055538, 1.574803149606299080, -0.3838582677165354173 ) ) ;
#1286 = EDGE_LOOP ( 'NONE', ( #1865, #1745, #1449, #1678, #1785 ) ) ;
#1287 = CARTESIAN_POINT ( 'NONE',  ( 4.685039370078740717, 1.574803149606299080, -0.2657480314960630197 ) ) ;
#1288 = DIRECTION ( 'NONE',  ( 0.000000000000000000, -1.000000000000000000, 0.000000000000000000 ) ) ;
#1289 = ORIENTED_EDGE ( 'NONE', *, *, #510, .F. ) ;
#1290 = ORIENTED_EDGE ( 'NONE', *, *, #598, .T. ) ;
#1291 = CARTESIAN_POINT ( 'NONE',  ( 4.862204724409448175, 0.6692913385826771977, -0.3838582677165354173 ) ) ;
#1292 = AXIS2_PLACEMENT_3D ( 'NONE', #1144, #1794, #491 ) ;
#1293 = ADVANCED_FACE ( 'NONE', ( #295 ), #2038, .F. ) ;
#1294 = CYLINDRICAL_SURFACE ( 'NONE', #1409, 0.2952755905511810774 ) ;
#1295 = ORIENTED_EDGE ( 'NONE', *, *, #1814, .F. ) ;
#1296 = PRESENTATION_STYLE_ASSIGNMENT (( #996 ) ) ;
#1297 = PRODUCT_DEFINITION_SHAPE ( 'NONE', 'NONE',  #2058 ) ;
#1298 = DIRECTION ( 'NONE',  ( -0.000000000000000000, 0.000000000000000000, -1.000000000000000000 ) ) ;
#1299 = CIRCLE ( 'NONE', #1505, 0.07874015748031489015 ) ;
#1300 = PRODUCT_RELATED_PRODUCT_CATEGORY ( 'part', '', ( #287 ) ) ;
#1301 = ORIENTED_EDGE ( 'NONE', *, *, #1253, .F. ) ;
#1302 = CARTESIAN_POINT ( 'NONE',  ( 5.157480314960630530, 7.582401355855259480E-33, 0.3838582677165351953 ) ) ;
#1303 = LENGTH_MEASURE_WITH_UNIT ( LENGTH_MEASURE( 0.02539999999999999897 ), #1481 );
#1304 = PRODUCT_DEFINITION_CONTEXT ( 'detailed design', #619, 'design' ) ;
#1305 = CARTESIAN_POINT ( 'NONE',  ( 0.5430313332044881536, 0.000000000000000000, 0.3838582677165354173 ) ) ;
#1306 = LINE ( 'NONE', #357, #752 ) ;
#1307 = EDGE_LOOP ( 'NONE', ( #1254, #970, #1267, #1619, #1135, #1911 ) ) ;
#1308 = ORIENTED_EDGE ( 'NONE', *, *, #1379, .T. ) ;
#1309 = CARTESIAN_POINT ( 'NONE',  ( 3.346456692913386100, 1.181102362204724310, 1.488507551168849030 ) ) ;
#1310 = MECHANICAL_DESIGN_GEOMETRIC_PRESENTATION_REPRESENTATION (  '', ( #1444 ), #310 ) ;
#1311 = CARTESIAN_POINT ( 'NONE',  ( 5.472440944881890701, 1.850393700787401174, -0.2657480314960630197 ) ) ;
#1312 = ORIENTED_EDGE ( 'NONE', *, *, #1502, .F. ) ;
#1313 = ORIENTED_EDGE ( 'NONE', *, *, #830, .F. ) ;
#1314 = VECTOR ( 'NONE', #183, 39.37007874015748143 ) ;
#1315 = DIRECTION ( 'NONE',  ( -1.000000000000000000, 0.000000000000000000, 0.000000000000000000 ) ) ;
#1316 = FACE_OUTER_BOUND ( 'NONE', #1508, .T. ) ;
#1317 = ADVANCED_FACE ( 'NONE', ( #757, #1881, #1394, #454 ), #2028, .T. ) ;
#1318 = ORIENTED_EDGE ( 'NONE', *, *, #1189, .T. ) ;
#1319 = ORIENTED_EDGE ( 'NONE', *, *, #485, .F. ) ;
#1320 = DIRECTION ( 'NONE',  ( 0.000000000000000000, 0.000000000000000000, -1.000000000000000000 ) ) ;
#1321 = DIRECTION ( 'NONE',  ( -0.000000000000000000, -0.000000000000000000, -1.000000000000000000 ) ) ;
#1322 = CIRCLE ( 'NONE', #583, 0.1968503937007874127 ) ;
#1323 = ORIENTED_EDGE ( 'NONE', *, *, #751, .F. ) ;
#1324 = ORIENTED_EDGE ( 'NONE', *, *, #361, .F. ) ;
#1325 = UNCERTAINTY_MEASURE_WITH_UNIT (LENGTH_MEASURE( 1.000000000000000082E-05 ), #443, 'distance_accuracy_value', 'NONE');
#1326 = CARTESIAN_POINT ( 'NONE',  ( 5.472440944881890701, 0.000000000000000000, 1.488507551168848142 ) ) ;
#1327 = EDGE_CURVE ( 'NONE', #990, #48, #926, .T. ) ;
#1328 = CARTESIAN_POINT ( 'NONE',  ( 0.07874015748031498729, 3.937007874015748143, 0.1968503937007874127 ) ) ;
#1329 = ORIENTED_EDGE ( 'NONE', *, *, #1190, .F. ) ;
#1330 = ORIENTED_EDGE ( 'NONE', *, *, #1793, .F. ) ;
#1331 = CIRCLE ( 'NONE', #461, 0.07874015748031498729 ) ;
#1332 = PLANE ( 'NONE',  #575 ) ;
#1333 = VERTEX_POINT ( 'NONE', #1085 ) ;
#1334 = VERTEX_POINT ( 'NONE', #786 ) ;
#1335 = CARTESIAN_POINT ( 'NONE',  ( 3.346456692913386100, 1.653543307086614345, 0.3838582677165354173 ) ) ;
#1336 = CARTESIAN_POINT ( 'NONE',  ( 1.446433227339393519E-16, 1.181102362204724310, 0.3838582677165351953 ) ) ;
#1337 = EDGE_CURVE ( 'NONE', #213, #1512, #1426, .T. ) ;
#1338 =( LENGTH_UNIT ( ) NAMED_UNIT ( * ) SI_UNIT ( $, .METRE. ) );
#1339 = ORIENTED_EDGE ( 'NONE', *, *, #1343, .F. ) ;
#1340 = VECTOR ( 'NONE', #1729, 39.37007874015748143 ) ;
#1341 = VERTEX_POINT ( 'NONE', #143 ) ;
#1342 = DIRECTION ( 'NONE',  ( 1.000000000000000000, 0.000000000000000000, -0.000000000000000000 ) ) ;
#1343 = EDGE_CURVE ( 'NONE', #1760, #605, #1348, .T. ) ;
#1344 = EDGE_CURVE ( 'NONE', #1090, #818, #1710, .T. ) ;
#1345 = CARTESIAN_POINT ( 'NONE',  ( 0.000000000000000000, 3.937007874015748143, 0.1968503937007874127 ) ) ;
#1346 = ORIENTED_EDGE ( 'NONE', *, *, #681, .T. ) ;
#1347 = AXIS2_PLACEMENT_3D ( 'NONE', #952, #153, #1583 ) ;
#1348 = LINE ( 'NONE', #2049, #936 ) ;
#1349 = CARTESIAN_POINT ( 'NONE',  ( 5.472440944881890701, 2.362204724409448620, 0.3838582677165354173 ) ) ;
#1350 = LINE ( 'NONE', #465, #920 ) ;
#1351 = ORIENTED_EDGE ( 'NONE', *, *, #1942, .F. ) ;
#1352 = ORIENTED_EDGE ( 'NONE', *, *, #1622, .F. ) ;
#1353 = EDGE_CURVE ( 'NONE', #502, #572, #285, .T. ) ;
#1354 = DIRECTION ( 'NONE',  ( -0.000000000000000000, 0.000000000000000000, -1.000000000000000000 ) ) ;
#1355 = EDGE_LOOP ( 'NONE', ( #1016, #1087, #176, #1313 ) ) ;
#1356 = EDGE_CURVE ( 'NONE', #467, #1446, #1040, .T. ) ;
#1357 = DIRECTION ( 'NONE',  ( 0.000000000000000000, -1.000000000000000000, -1.156482317317871478E-16 ) ) ;
#1358 = LINE ( 'NONE', #424, #1795 ) ;
#1359 = LINE ( 'NONE', #1218, #13 ) ;
#1360 = CIRCLE ( 'NONE', #722, 0.07874015748031489015 ) ;
#1361 = VERTEX_POINT ( 'NONE', #631 ) ;
#1362 = CYLINDRICAL_SURFACE ( 'NONE', #1069, 0.07874015748031502893 ) ;
#1363 = VECTOR ( 'NONE', #1008, 39.37007874015748143 ) ;
#1364 = FACE_OUTER_BOUND ( 'NONE', #1823, .T. ) ;
#1365 = CARTESIAN_POINT ( 'NONE',  ( 5.157480314960630530, 7.582401355855259480E-33, 0.3838582677165351953 ) ) ;
#1366 = DIRECTION ( 'NONE',  ( -0.000000000000000000, -1.000000000000000000, -0.000000000000000000 ) ) ;
#1367 =( CONVERSION_BASED_UNIT ( 'INCH', #2010 ) LENGTH_UNIT ( ) NAMED_UNIT ( #1010 ) );
#1368 = VERTEX_POINT ( 'NONE', #1095 ) ;
#1369 = DIRECTION ( 'NONE',  ( -0.000000000000000000, 4.625929269271485914E-16, -1.000000000000000000 ) ) ;
#1370 =( REPRESENTATION_RELATIONSHIP ('NONE','NONE', #139, #353 ) REPRESENTATION_RELATIONSHIP_WITH_TRANSFORMATION ( #962 )SHAPE_REPRESENTATION_RELATIONSHIP( ) );
#1371 = CIRCLE ( 'NONE', #80, 0.2952755905511810774 ) ;
#1372 = CARTESIAN_POINT ( 'NONE',  ( 4.291338582677165725, 7.582401355855259480E-33, 0.06889763779527531551 ) ) ;
#1373 = SURFACE_STYLE_USAGE ( .BOTH. , #1550 ) ;
#1374 = LINE ( 'NONE', #1349, #35 ) ;
#1375 = LINE ( 'NONE', #1684, #71 ) ;
#1376 =( REPRESENTATION_RELATIONSHIP ('NONE','NONE', #139, #776 ) REPRESENTATION_RELATIONSHIP_WITH_TRANSFORMATION ( #1763 )SHAPE_REPRESENTATION_RELATIONSHIP( ) );
#1377 = CIRCLE ( 'NONE', #904, 0.1968503937007874127 ) ;
#1378 = ORIENTED_EDGE ( 'NONE', *, *, #9, .T. ) ;
#1379 = EDGE_CURVE ( 'NONE', #92, #1446, #1260, .T. ) ;
#1380 = CARTESIAN_POINT ( 'NONE',  ( 5.157480314960630530, 1.062992125984252079, 0.3838582677165351953 ) ) ;
#1381 = LINE ( 'NONE', #1868, #61 ) ;
#1382 = CARTESIAN_POINT ( 'NONE',  ( 5.472440944881890701, -0.1181102362204722728, -0.5981066220594986049 ) ) ;
#1383 = CARTESIAN_POINT ( 'NONE',  ( 0.000000000000000000, 1.968503937007874072, 0.1968503937007874127 ) ) ;
#1384 = DIRECTION ( 'NONE',  ( -0.000000000000000000, -1.000000000000000000, -0.000000000000000000 ) ) ;
#1385 = CARTESIAN_POINT ( 'NONE',  ( 22.06245080786906598, 34.50842486278529719, 54.00666222642104231 ) ) ;
#1386 = DIRECTION ( 'NONE',  ( 0.000000000000000000, -2.775557561562892830E-16, 1.000000000000000000 ) ) ;
#1387 = EDGE_CURVE ( 'NONE', #1899, #311, #917, .T. ) ;
#1388 = VECTOR ( 'NONE', #1461, 39.37007874015748143 ) ;
#1389 = ORIENTED_EDGE ( 'NONE', *, *, #1838, .T. ) ;
#1390 = DIRECTION ( 'NONE',  ( 0.000000000000000000, 0.000000000000000000, -1.000000000000000000 ) ) ;
#1391 = DIRECTION ( 'NONE',  ( 0.000000000000000000, 0.000000000000000000, -1.000000000000000000 ) ) ;
#1392 = CYLINDRICAL_SURFACE ( 'NONE', #1580, 0.09842519685039378963 ) ;
#1393 = CARTESIAN_POINT ( 'NONE',  ( 5.472440944881890701, 1.181102362204724532, -0.2657480314960630197 ) ) ;
#1394 = FACE_BOUND ( 'NONE', #488, .T. ) ;
#1395 = AXIS2_PLACEMENT_3D ( 'NONE', #1345, #397, #683 ) ;
#1396 = APPLICATION_PROTOCOL_DEFINITION ( 'draft international standard', 'automotive_design', 1998, #978 ) ;
#1397 = CARTESIAN_POINT ( 'NONE',  ( 0.000000000000000000, 0.5905511811023621549, 0.08858267716535433989 ) ) ;
#1398 = ORIENTED_EDGE ( 'NONE', *, *, #1033, .T. ) ;
#1399 = DIRECTION ( 'NONE',  ( 0.000000000000000000, 1.000000000000000000, 0.000000000000000000 ) ) ;
#1400 = DIRECTION ( 'NONE',  ( 0.000000000000000000, 1.000000000000000000, 0.000000000000000000 ) ) ;
#1401 = LENGTH_MEASURE_WITH_UNIT ( LENGTH_MEASURE( 0.02539999999999999897 ), #1527 );
#1402 = ADVANCED_FACE ( 'NONE', ( #1733 ), #1552, .F. ) ;
#1403 = DIRECTION ( 'NONE',  ( 0.000000000000000000, 0.000000000000000000, 1.000000000000000000 ) ) ;
#1404 = ADVANCED_FACE ( 'NONE', ( #1107 ), #309, .F. ) ;
#1405 = PRESENTATION_STYLE_ASSIGNMENT (( #767 ) ) ;
#1406 = VERTEX_POINT ( 'NONE', #940 ) ;
#1407 = DIRECTION ( 'NONE',  ( 1.000000000000000000, 0.000000000000000000, 0.000000000000000000 ) ) ;
#1408 = ORIENTED_EDGE ( 'NONE', *, *, #1356, .F. ) ;
#1409 = AXIS2_PLACEMENT_3D ( 'NONE', #1775, #51, #1614 ) ;
#1410 = CYLINDRICAL_SURFACE ( 'NONE', #292, 0.07874015748031448769 ) ;
#1411 = AXIS2_PLACEMENT_3D ( 'NONE', #950, #1603, #796 ) ;
#1412 = CARTESIAN_POINT ( 'NONE',  ( 4.291338582677165725, 7.582401355855259480E-33, 0.06889763779527531551 ) ) ;
#1413 = CARTESIAN_POINT ( 'NONE',  ( 5.472440944881890701, 7.582401355855259480E-33, 0.3838582677165351953 ) ) ;
#1414 = DIRECTION ( 'NONE',  ( -0.000000000000000000, 4.625929269271485914E-16, -1.000000000000000000 ) ) ;
#1415 = LENGTH_MEASURE_WITH_UNIT ( LENGTH_MEASURE( 0.02539999999999999897 ), #768 );
#1416 = VERTEX_POINT ( 'NONE', #1699 ) ;
#1417 = MANIFOLD_SOLID_BREP ( 'Cut-Extrude3', #332 ) ;
#1418 = CARTESIAN_POINT ( 'NONE',  ( 3.346456692913386100, 1.496062992125984703, 0.3838582677165354173 ) ) ;
#1419 = ORIENTED_EDGE ( 'NONE', *, *, #103, .F. ) ;
#1420 = DIRECTION ( 'NONE',  ( 1.000000000000000000, 0.000000000000000000, 0.000000000000000000 ) ) ;
#1421 = AXIS2_PLACEMENT_3D ( 'NONE', #607, #2034, #1400 ) ;
#1422 = DIRECTION ( 'NONE',  ( 1.000000000000000000, 0.000000000000000000, 0.000000000000000000 ) ) ;
#1423 = ADVANCED_FACE ( 'NONE', ( #514 ), #1903, .F. ) ;
#1424 = DIRECTION ( 'NONE',  ( 1.000000000000000000, 0.000000000000000000, 0.000000000000000000 ) ) ;
#1425 = CIRCLE ( 'NONE', #457, 0.2952755905511810774 ) ;
#1426 = LINE ( 'NONE', #165, #145 ) ;
#1427 = DIRECTION ( 'NONE',  ( 1.000000000000000000, 0.000000000000000000, 0.000000000000000000 ) ) ;
#1428 = ORIENTED_EDGE ( 'NONE', *, *, #290, .T. ) ;
#1429 = CARTESIAN_POINT ( 'NONE',  ( 5.472440944881890701, 2.013177851820298958, -0.3838582677165354173 ) ) ;
#1430 = AXIS2_PLACEMENT_3D ( 'NONE', #258, #890, #1539 ) ;
#1431 = VERTEX_POINT ( 'NONE', #1933 ) ;
#1432 = FACE_OUTER_BOUND ( 'NONE', #1441, .T. ) ;
#1433 = ADVANCED_FACE ( 'NONE', ( #1457 ), #1294, .T. ) ;
#1434 = EDGE_CURVE ( 'NONE', #1899, #502, #1139, .T. ) ;
#1435 = ORIENTED_EDGE ( 'NONE', *, *, #1666, .T. ) ;
#1436 = ORIENTED_EDGE ( 'NONE', *, *, #1769, .T. ) ;
#1437 = DIRECTION ( 'NONE',  ( -0.000000000000000000, 4.625929269271485914E-16, -1.000000000000000000 ) ) ;
#1438 = CARTESIAN_POINT ( 'NONE',  ( 5.472440944881890701, 1.850393700787401174, 0.3838582677165354173 ) ) ;
#1439 = DIRECTION ( 'NONE',  ( 1.000000000000000000, 0.000000000000000000, -0.000000000000000000 ) ) ;
#1440 = SHAPE_DEFINITION_REPRESENTATION ( #805, #776 ) ;
#1441 = EDGE_LOOP ( 'NONE', ( #65, #437, #88, #1352 ) ) ;
#1442 = FILL_AREA_STYLE ('',( #673 ) ) ;
#1443 = EDGE_CURVE ( 'NONE', #538, #1406, #1787, .T. ) ;
#1444 = STYLED_ITEM ( 'NONE', ( #1405 ), #1417 ) ;
#1445 = ORIENTED_EDGE ( 'NONE', *, *, #703, .T. ) ;
#1446 = VERTEX_POINT ( 'NONE', #497 ) ;
#1447 = DIRECTION ( 'NONE',  ( -0.000000000000000000, 1.000000000000000000, 0.000000000000000000 ) ) ;
#1448 = APPLICATION_PROTOCOL_DEFINITION ( 'draft international standard', 'automotive_design', 1998, #300 ) ;
#1449 = ORIENTED_EDGE ( 'NONE', *, *, #336, .F. ) ;
#1450 = DIRECTION ( 'NONE',  ( 1.000000000000000000, 0.000000000000000000, 0.000000000000000000 ) ) ;
#1451 = EDGE_CURVE ( 'NONE', #1802, #1612, #661, .T. ) ;
#1452 = CARTESIAN_POINT ( 'NONE',  ( 0.000000000000000000, 0.000000000000000000, 1.488507551168848142 ) ) ;
#1453 = ORIENTED_EDGE ( 'NONE', *, *, #2052, .T. ) ;
#1454 = VERTEX_POINT ( 'NONE', #352 ) ;
#1455 = DIRECTION ( 'NONE',  ( 0.000000000000000000, 0.000000000000000000, -1.000000000000000000 ) ) ;
#1456 = AXIS2_PLACEMENT_3D ( 'NONE', #1247, #1268, #1391 ) ;
#1457 = FACE_OUTER_BOUND ( 'NONE', #1801, .T. ) ;
#1458 = CIRCLE ( 'NONE', #989, 0.07874015748031448769 ) ;
#1459 = SHAPE_DEFINITION_REPRESENTATION ( #2035, #563 ) ;
#1460 = PRODUCT_DEFINITION_SHAPE ( 'NONE', 'NONE',  #2063 ) ;
#1461 = DIRECTION ( 'NONE',  ( 0.000000000000000000, -1.000000000000000000, -1.156482317317871478E-16 ) ) ;
#1462 = VECTOR ( 'NONE', #1686, 39.37007874015748143 ) ;
#1463 = VERTEX_POINT ( 'NONE', #1605 ) ;
#1464 = EDGE_LOOP ( 'NONE', ( #1607, #1280 ) ) ;
#1465 = CARTESIAN_POINT ( 'NONE',  ( 0.1968503937007874127, 0.000000000000000000, 0.000000000000000000 ) ) ;
#1466 = VECTOR ( 'NONE', #550, 39.37007874015748143 ) ;
#1467 = VERTEX_POINT ( 'NONE', #1311 ) ;
#1468 = ORIENTED_EDGE ( 'NONE', *, *, #987, .F. ) ;
#1469 = EDGE_CURVE ( 'NONE', #469, #1368, #542, .T. ) ;
#1470 = DIRECTION ( 'NONE',  ( -1.000000000000000000, 0.000000000000000000, 0.000000000000000000 ) ) ;
#1471 = LINE ( 'NONE', #932, #1891 ) ;
#1472 = CARTESIAN_POINT ( 'NONE',  ( 4.685039370078740717, 1.259842519685039131, 1.488507551168849030 ) ) ;
#1473 = AXIS2_PLACEMENT_3D ( 'NONE', #299, #943, #930 ) ;
#1474 = AXIS2_PLACEMENT_3D ( 'NONE', #1849, #610, #1204 ) ;
#1475 = VERTEX_POINT ( 'NONE', #1633 ) ;
#1476 = EDGE_LOOP ( 'NONE', ( #1351, #1301, #225, #1749 ) ) ;
#1477 = CARTESIAN_POINT ( 'NONE',  ( 4.291338582677165725, 0.000000000000000000, -0.3838582677165354173 ) ) ;
#1478 = AXIS2_PLACEMENT_3D ( 'NONE', #1485, #1792, #997 ) ;
#1479 =( REPRESENTATION_RELATIONSHIP ('NONE','NONE', #139, #563 ) REPRESENTATION_RELATIONSHIP_WITH_TRANSFORMATION ( #8 )SHAPE_REPRESENTATION_RELATIONSHIP( ) );
#1480 = ADVANCED_FACE ( 'NONE', ( #1118 ), #961, .F. ) ;
#1481 =( LENGTH_UNIT ( ) NAMED_UNIT ( * ) SI_UNIT ( $, .METRE. ) );
#1482 = CYLINDRICAL_SURFACE ( 'NONE', #593, 0.07874015748031498729 ) ;
#1483 = ORIENTED_EDGE ( 'NONE', *, *, #1225, .F. ) ;
#1484 = CARTESIAN_POINT ( 'NONE',  ( 3.346456692913386100, 1.181102362204724310, 1.370397314948375467 ) ) ;
#1485 = CARTESIAN_POINT ( 'NONE',  ( 0.000000000000000000, 3.937007874015748143, 0.1968503937007874127 ) ) ;
#1486 = FACE_OUTER_BOUND ( 'NONE', #860, .T. ) ;
#1487 = VERTEX_POINT ( 'NONE', #974 ) ;
#1488 = ORIENTED_EDGE ( 'NONE', *, *, #208, .F. ) ;
#1489 = DIRECTION ( 'NONE',  ( 0.000000000000000000, 1.000000000000000000, 0.000000000000000000 ) ) ;
#1490 = EDGE_CURVE ( 'NONE', #1192, #802, #184, .T. ) ;
#1491 = DIRECTION ( 'NONE',  ( 0.000000000000000000, 1.000000000000000000, 4.625929269271485914E-16 ) ) ;
#1492 = MECHANICAL_DESIGN_GEOMETRIC_PRESENTATION_REPRESENTATION (  '', ( #582 ), #324 ) ;
#1493 = VECTOR ( 'NONE', #817, 39.37007874015748143 ) ;
#1494 = VERTEX_POINT ( 'NONE', #1799 ) ;
#1495 =( REPRESENTATION_RELATIONSHIP ('NONE','NONE', #139, #563 ) REPRESENTATION_RELATIONSHIP_WITH_TRANSFORMATION ( #1151 )SHAPE_REPRESENTATION_RELATIONSHIP( ) );
#1496 = ORIENTED_EDGE ( 'NONE', *, *, #691, .F. ) ;
#1497 = LINE ( 'NONE', #1178, #1084 ) ;
#1498 = DIRECTION ( 'NONE',  ( 0.000000000000000000, 0.000000000000000000, -1.000000000000000000 ) ) ;
#1499 = DIRECTION ( 'NONE',  ( 0.000000000000000000, -2.775557561562892830E-16, 1.000000000000000000 ) ) ;
#1500 = VECTOR ( 'NONE', #347, 39.37007874015748143 ) ;
#1501 = ORIENTED_EDGE ( 'NONE', *, *, #1092, .T. ) ;
#1502 = EDGE_CURVE ( 'NONE', #189, #1185, #175, .T. ) ;
#1503 = ADVANCED_FACE ( 'NONE', ( #1643 ), #217, .F. ) ;
#1504 = ORIENTED_EDGE ( 'NONE', *, *, #1782, .T. ) ;
#1505 = AXIS2_PLACEMENT_3D ( 'NONE', #879, #597, #2026 ) ;
#1506 = VECTOR ( 'NONE', #1636, 39.37007874015748143 ) ;
#1507 = LINE ( 'NONE', #1975, #903 ) ;
#1508 = EDGE_LOOP ( 'NONE', ( #1290, #963, #580, #692 ) ) ;
#1509 = ORIENTED_EDGE ( 'NONE', *, *, #1768, .T. ) ;
#1510 = DIRECTION ( 'NONE',  ( 1.000000000000000000, 0.000000000000000000, -0.000000000000000000 ) ) ;
#1511 = CARTESIAN_POINT ( 'NONE',  ( 4.291338582677165725, 1.062992125984252079, 0.06889763779527531551 ) ) ;
#1512 = VERTEX_POINT ( 'NONE', #1285 ) ;
#1513 = AXIS2_PLACEMENT_3D ( 'NONE', #893, #428, #1556 ) ;
#1514 = ORIENTED_EDGE ( 'NONE', *, *, #180, .F. ) ;
#1515 = EDGE_CURVE ( 'NONE', #731, #803, #1913, .T. ) ;
#1516 = DIRECTION ( 'NONE',  ( -0.000000000000000000, -0.000000000000000000, -1.000000000000000000 ) ) ;
#1517 = ORIENTED_EDGE ( 'NONE', *, *, #1942, .T. ) ;
#1518 = VECTOR ( 'NONE', #321, 39.37007874015748143 ) ;
#1519 = PRODUCT_DEFINITION_FORMATION_WITH_SPECIFIED_SOURCE ( 'ANY', '', #933, .NOT_KNOWN. ) ;
#1520 = CARTESIAN_POINT ( 'NONE',  ( 5.059055118110236116, 0.2755905511811023167, -0.3838582677165354173 ) ) ;
#1521 = DIRECTION ( 'NONE',  ( 1.000000000000000000, 1.982541115402065356E-16, 0.000000000000000000 ) ) ;
#1522 = VECTOR ( 'NONE', #1720, 39.37007874015748143 ) ;
#1523 = ADVANCED_FACE ( 'NONE', ( #857 ), #1362, .F. ) ;
#1524 = ORIENTED_EDGE ( 'NONE', *, *, #37, .F. ) ;
#1525 = VECTOR ( 'NONE', #95, 39.37007874015748143 ) ;
#1526 = LINE ( 'NONE', #412, #1700 ) ;
#1527 =( LENGTH_UNIT ( ) NAMED_UNIT ( * ) SI_UNIT ( $, .METRE. ) );
#1528 = DIRECTION ( 'NONE',  ( -1.000000000000000000, 0.000000000000000000, 0.000000000000000000 ) ) ;
#1529 = CARTESIAN_POINT ( 'NONE',  ( 5.472440944881890701, 1.377952755905512028, 0.8979563700664857651 ) ) ;
#1530 =( NAMED_UNIT ( * ) PLANE_ANGLE_UNIT ( ) SI_UNIT ( $, .RADIAN. ) );
#1531 = ADVANCED_BREP_SHAPE_REPRESENTATION ( '', ( #726, #873 ), #411 ) ;
#1532 = AXIS2_PLACEMENT_3D ( 'NONE', #1726, #1241, #312 ) ;
#1533 = EDGE_LOOP ( 'NONE', ( #694, #350, #1068, #1919 ) ) ;
#1534 = DIRECTION ( 'NONE',  ( -0.000000000000000000, -0.000000000000000000, -1.000000000000000000 ) ) ;
#1535 = DIRECTION ( 'NONE',  ( 0.000000000000000000, 0.000000000000000000, -1.000000000000000000 ) ) ;
#1536 = AXIS2_PLACEMENT_3D ( 'NONE', #158, #1781, #1143 ) ;
#1537 = PLANE ( 'NONE',  #1778 ) ;
#1538 = CARTESIAN_POINT ( 'NONE',  ( 0.1181102362204725503, 0.7874015748031495399, 1.370397314948375245 ) ) ;
#1539 = DIRECTION ( 'NONE',  ( 0.000000000000000000, 4.625929269271481378E-15, -1.000000000000000000 ) ) ;
#1540 = ADVANCED_FACE ( 'NONE', ( #1183, #1811, #1848 ), #1332, .T. ) ;
#1541 = ORIENTED_EDGE ( 'NONE', *, *, #1925, .T. ) ;
#1542 = CARTESIAN_POINT ( 'NONE',  ( 0.1181102362204725503, 8.712151427985424094E-16, 1.370397314948375911 ) ) ;
#1543 = VECTOR ( 'NONE', #1915, 39.37007874015748143 ) ;
#1544 = DIRECTION ( 'NONE',  ( 0.000000000000000000, 0.000000000000000000, 1.000000000000000000 ) ) ;
#1545 = FACE_BOUND ( 'NONE', #516, .T. ) ;
#1546 = DIRECTION ( 'NONE',  ( 0.000000000000000000, 1.000000000000000000, 0.000000000000000000 ) ) ;
#1547 = ORIENTED_EDGE ( 'NONE', *, *, #37, .T. ) ;
#1548 = DIRECTION ( 'NONE',  ( -0.000000000000000000, 1.000000000000000000, 0.000000000000000000 ) ) ;
#1549 = DIRECTION ( 'NONE',  ( 0.000000000000000000, -1.000000000000000000, 0.000000000000000000 ) ) ;
#1550 = SURFACE_SIDE_STYLE ('',( #1869 ) ) ;
#1551 = DIRECTION ( 'NONE',  ( -0.000000000000000000, -1.224646799147353454E-16, 1.000000000000000000 ) ) ;
#1552 = PLANE ( 'NONE',  #1938 ) ;
#1553 = CARTESIAN_POINT ( 'NONE',  ( 3.346456692913386100, 1.259842519685039131, 1.488507551168849030 ) ) ;
#1554 = VECTOR ( 'NONE', #1688, 39.37007874015748143 ) ;
#1555 = ORIENTED_EDGE ( 'NONE', *, *, #735, .T. ) ;
#1556 = DIRECTION ( 'NONE',  ( -1.000000000000000000, 0.000000000000000000, -0.000000000000000000 ) ) ;
#1557 = EDGE_CURVE ( 'NONE', #26, #1651, #264, .T. ) ;
#1558 = EDGE_CURVE ( 'NONE', #338, #137, #841, .T. ) ;
#1559 = PLANE ( 'NONE',  #1683 ) ;
#1560 = CARTESIAN_POINT ( 'NONE',  ( 0.000000000000000000, 1.968503937007874072, 0.1968503937007874127 ) ) ;
#1561 = DIRECTION ( 'NONE',  ( 0.000000000000000000, 0.000000000000000000, 1.000000000000000000 ) ) ;
#1562 =( CONVERSION_BASED_UNIT ( 'INCH', #144 ) LENGTH_UNIT ( ) NAMED_UNIT ( #1023 ) );
#1563 = FACE_OUTER_BOUND ( 'NONE', #702, .T. ) ;
#1564 = ORIENTED_EDGE ( 'NONE', *, *, #980, .F. ) ;
#1565 = AXIS2_PLACEMENT_3D ( 'NONE', #1309, #846, #1489 ) ;
#1566 = EDGE_CURVE ( 'NONE', #137, #1368, #1507, .T. ) ;
#1567 = DIRECTION ( 'NONE',  ( 0.000000000000000000, -0.000000000000000000, 1.000000000000000000 ) ) ;
#1568 = LINE ( 'NONE', #1730, #1851 ) ;
#1569 = EDGE_CURVE ( 'NONE', #73, #442, #546, .T. ) ;
#1570 = CARTESIAN_POINT ( 'NONE',  ( 0.5905511811023621549, 1.574803149606299080, 0.3838582677165354173 ) ) ;
#1571 = CIRCLE ( 'NONE', #705, 0.07874015748031502893 ) ;
#1572 = CARTESIAN_POINT ( 'NONE',  ( 4.685039370078740717, 1.102362204724409267, 1.488507551168849030 ) ) ;
#1573 = ORIENTED_EDGE ( 'NONE', *, *, #789, .T. ) ;
#1574 = FACE_BOUND ( 'NONE', #1955, .T. ) ;
#1575 = AXIS2_PLACEMENT_3D ( 'NONE', #1229, #1240, #455 ) ;
#1576 = ORIENTED_EDGE ( 'NONE', *, *, #2013, .F. ) ;
#1577 = PRODUCT_DEFINITION ( 'UNKNOWN', '', #1070, #1779 ) ;
#1578 = AXIS2_PLACEMENT_3D ( 'NONE', #1162, #204, #835 ) ;
#1579 = LINE ( 'NONE', #674, #427 ) ;
#1580 = AXIS2_PLACEMENT_3D ( 'NONE', #724, #1880, #453 ) ;
#1581 = CARTESIAN_POINT ( 'NONE',  ( 5.059055118110236116, 0.6692913385826771977, 0.06889763779527531551 ) ) ;
#1582 = LINE ( 'NONE', #2037, #1314 ) ;
#1583 = DIRECTION ( 'NONE',  ( 0.000000000000000000, 1.000000000000000000, 0.000000000000000000 ) ) ;
#1584 =( NAMED_UNIT ( * ) PLANE_ANGLE_UNIT ( ) SI_UNIT ( $, .RADIAN. ) );
#1585 = ORIENTED_EDGE ( 'NONE', *, *, #2014, .F. ) ;
#1586 = EDGE_CURVE ( 'NONE', #1777, #360, #1024, .T. ) ;
#1587 = CARTESIAN_POINT ( 'NONE',  ( 0.5905511811023621549, 1.653543307086613678, 0.3838582677165354173 ) ) ;
#1588 = ORIENTED_EDGE ( 'NONE', *, *, #611, .T. ) ;
#1589 = DIRECTION ( 'NONE',  ( 0.000000000000000000, 4.625929269271485914E-16, -1.000000000000000000 ) ) ;
#1590 = CIRCLE ( 'NONE', #588, 0.07874015748031489015 ) ;
#1591 = VERTEX_POINT ( 'NONE', #396 ) ;
#1592 = ORIENTED_EDGE ( 'NONE', *, *, #591, .F. ) ;
#1593 = LINE ( 'NONE', #1133, #554 ) ;
#1594 = DIRECTION ( 'NONE',  ( 0.000000000000000000, 0.000000000000000000, -1.000000000000000000 ) ) ;
#1595 = CARTESIAN_POINT ( 'NONE',  ( 4.291338582677165725, 1.062992125984252079, 0.3838582677165354173 ) ) ;
#1596 = CONTEXT_DEPENDENT_SHAPE_REPRESENTATION ( #1376, #1460 ) ;
#1597 = ORIENTED_EDGE ( 'NONE', *, *, #1272, .T. ) ;
#1598 = DIRECTION ( 'NONE',  ( 0.000000000000000000, 4.625929269271485914E-16, -1.000000000000000000 ) ) ;
#1599 = EDGE_CURVE ( 'NONE', #1777, #171, #1526, .T. ) ;
#1600 = AXIS2_PLACEMENT_3D ( 'NONE', #44, #1589, #791 ) ;
#1601 = ORIENTED_EDGE ( 'NONE', *, *, #493, .T. ) ;
#1602 = ORIENTED_EDGE ( 'NONE', *, *, #1066, .F. ) ;
#1603 = DIRECTION ( 'NONE',  ( -0.000000000000000000, -0.000000000000000000, -1.000000000000000000 ) ) ;
#1604 = EDGE_CURVE ( 'NONE', #26, #1431, #2004, .T. ) ;
#1605 = CARTESIAN_POINT ( 'NONE',  ( -0.07874015748031498729, 1.968503937007874072, 0.1968503937007874127 ) ) ;
#1606 = CONTEXT_DEPENDENT_SHAPE_REPRESENTATION ( #1081, #1718 ) ;
#1607 = ORIENTED_EDGE ( 'NONE', *, *, #885, .T. ) ;
#1608 = DIRECTION ( 'NONE',  ( 0.000000000000000000, 0.000000000000000000, 1.000000000000000000 ) ) ;
#1609 = LINE ( 'NONE', #842, #1149 ) ;
#1610 = PRODUCT_DEFINITION_SHAPE ( 'NONE', 'NONE',  #2061 ) ;
#1611 = ORIENTED_EDGE ( 'NONE', *, *, #1694, .F. ) ;
#1612 = VERTEX_POINT ( 'NONE', #1653 ) ;
#1613 = CARTESIAN_POINT ( 'NONE',  ( 0.5430313332044881536, 0.000000000000000000, 0.3838582677165354173 ) ) ;
#1614 = DIRECTION ( 'NONE',  ( 0.000000000000000000, 0.000000000000000000, -1.000000000000000000 ) ) ;
#1615 = ORIENTED_EDGE ( 'NONE', *, *, #1121, .F. ) ;
#1616 = FACE_OUTER_BOUND ( 'NONE', #2050, .T. ) ;
#1617 = DIRECTION ( 'NONE',  ( 1.000000000000000000, 0.000000000000000000, 0.000000000000000000 ) ) ;
#1618 = EDGE_LOOP ( 'NONE', ( #1273, #1954 ) ) ;
#1619 = ORIENTED_EDGE ( 'NONE', *, *, #549, .T. ) ;
#1620 = EDGE_CURVE ( 'NONE', #298, #92, #177, .T. ) ;
#1621 = CARTESIAN_POINT ( 'NONE',  ( 5.059055118110236116, 0.2755905511811023167, 0.06889763779527531551 ) ) ;
#1622 = EDGE_CURVE ( 'NONE', #182, #1952, #868, .T. ) ;
#1623 = APPLICATION_CONTEXT ( 'automotive_design' ) ;
#1624 = AXIS2_PLACEMENT_3D ( 'NONE', #1560, #1403, #2036 ) ;
#1625 = ORIENTED_EDGE ( 'NONE', *, *, #753, .T. ) ;
#1626 = CARTESIAN_POINT ( 'NONE',  ( 5.354330708661417582, 0.7874015748031497619, -0.5981066220594986049 ) ) ;
#1627 = CARTESIAN_POINT ( 'NONE',  ( 0.000000000000000000, 0.000000000000000000, 0.1968503937007874127 ) ) ;
#1628 = DIRECTION ( 'NONE',  ( -0.000000000000000000, -0.000000000000000000, -1.000000000000000000 ) ) ;
#1629 = CIRCLE ( 'NONE', #729, 0.09842519685039433086 ) ;
#1630 = ORIENTED_EDGE ( 'NONE', *, *, #361, .T. ) ;
#1631 = ORIENTED_EDGE ( 'NONE', *, *, #703, .F. ) ;
#1632 = CARTESIAN_POINT ( 'NONE',  ( 0.5905511811023621549, 1.574803149606299080, -0.3838582677165354173 ) ) ;
#1633 = CARTESIAN_POINT ( 'NONE',  ( 0.5905511811023621549, 1.102362204724409267, 1.370397314948375467 ) ) ;
#1634 = VERTEX_POINT ( 'NONE', #1173 ) ;
#1635 = ORIENTED_EDGE ( 'NONE', *, *, #439, .T. ) ;
#1636 = DIRECTION ( 'NONE',  ( -1.000000000000000000, -0.000000000000000000, -0.000000000000000000 ) ) ;
#1637 = CARTESIAN_POINT ( 'NONE',  ( -0.07874015748031495954, 0.000000000000000000, 0.000000000000000000 ) ) ;
#1638 = DIMENSIONAL_EXPONENTS ( 1.000000000000000000, 0.000000000000000000, 0.000000000000000000, 0.000000000000000000, 0.000000000000000000, 0.000000000000000000, 0.000000000000000000 ) ;
#1639 = ORIENTED_EDGE ( 'NONE', *, *, #1586, .T. ) ;
#1640 = ADVANCED_FACE ( 'NONE', ( #1830 ), #404, .F. ) ;
#1641 = VERTEX_POINT ( 'NONE', #227 ) ;
#1642 = CYLINDRICAL_SURFACE ( 'NONE', #1565, 0.07874015748031489015 ) ;
#1643 = FACE_OUTER_BOUND ( 'NONE', #1664, .T. ) ;
#1644 = ORIENTED_EDGE ( 'NONE', *, *, #579, .T. ) ;
#1645 = ORIENTED_EDGE ( 'NONE', *, *, #1898, .F. ) ;
#1646 = SURFACE_STYLE_FILL_AREA ( #1442 ) ;
#1647 = DIRECTION ( 'NONE',  ( -1.000000000000000000, 0.000000000000000000, 0.000000000000000000 ) ) ;
#1648 = CARTESIAN_POINT ( 'NONE',  ( -0.07874015748031498729, 3.937007874015748143, 0.000000000000000000 ) ) ;
#1649 = EDGE_CURVE ( 'NONE', #298, #467, #723, .T. ) ;
#1650 = EDGE_CURVE ( 'NONE', #1641, #360, #104, .T. ) ;
#1651 = VERTEX_POINT ( 'NONE', #1679 ) ;
#1652 = VERTEX_POINT ( 'NONE', #63 ) ;
#1653 = CARTESIAN_POINT ( 'NONE',  ( 0.07874015748031495954, 9.642888182262623048E-18, 0.000000000000000000 ) ) ;
#1654 = AXIS2_PLACEMENT_3D ( 'NONE', #676, #519, #998 ) ;
#1655 = VERTEX_POINT ( 'NONE', #386 ) ;
#1656 = ORIENTED_EDGE ( 'NONE', *, *, #1569, .F. ) ;
#1657 = CARTESIAN_POINT ( 'NONE',  ( 4.960629921259842590, 0.6692913385826771977, -0.3838582677165354173 ) ) ;
#1658 = CYLINDRICAL_SURFACE ( 'NONE', #32, 0.07874015748031448769 ) ;
#1659 = DIRECTION ( 'NONE',  ( 1.000000000000000000, 0.000000000000000000, 0.000000000000000000 ) ) ;
#1660 = EDGE_CURVE ( 'NONE', #1192, #1738, #255, .T. ) ;
#1661 = ORIENTED_EDGE ( 'NONE', *, *, #1190, .T. ) ;
#1662 = ORIENTED_EDGE ( 'NONE', *, *, #1854, .T. ) ;
#1663 = DIRECTION ( 'NONE',  ( 0.000000000000000000, 0.000000000000000000, 1.000000000000000000 ) ) ;
#1664 = EDGE_LOOP ( 'NONE', ( #532, #1488, #36, #759 ) ) ;
#1665 = CIRCLE ( 'NONE', #1929, 0.07874015748031448769 ) ;
#1666 = EDGE_CURVE ( 'NONE', #1090, #146, #1213, .T. ) ;
#1667 = DIRECTION ( 'NONE',  ( -0.000000000000000000, -0.000000000000000000, -1.000000000000000000 ) ) ;
#1668 = FACE_BOUND ( 'NONE', #219, .T. ) ;
#1669 = ORIENTED_EDGE ( 'NONE', *, *, #1991, .F. ) ;
#1670 = EDGE_LOOP ( 'NONE', ( #1419, #201, #1960, #1097 ) ) ;
#1671 = DIRECTION ( 'NONE',  ( 1.000000000000000000, 0.000000000000000000, 0.000000000000000000 ) ) ;
#1672 = EDGE_LOOP ( 'NONE', ( #318, #855 ) ) ;
#1673 = AXIS2_PLACEMENT_3D ( 'NONE', #847, #1491, #643 ) ;
#1674 = UNCERTAINTY_MEASURE_WITH_UNIT (LENGTH_MEASURE( 1.000000000000000082E-05 ), #800, 'distance_accuracy_value', 'NONE');
#1675 = DIRECTION ( 'NONE',  ( 0.000000000000000000, 0.000000000000000000, -1.000000000000000000 ) ) ;
#1676 = FACE_BOUND ( 'NONE', #1104, .T. ) ;
#1677 = VECTOR ( 'NONE', #937, 39.37007874015748143 ) ;
#1678 = ORIENTED_EDGE ( 'NONE', *, *, #449, .F. ) ;
#1679 = CARTESIAN_POINT ( 'NONE',  ( 0.5905511811023621549, 1.102362204724409267, 1.488507551168848142 ) ) ;
#1680 = ADVANCED_FACE ( 'NONE', ( #1962 ), #743, .T. ) ;
#1681 = DIRECTION ( 'NONE',  ( 1.000000000000000000, 0.000000000000000000, 0.000000000000000000 ) ) ;
#1682 = LINE ( 'NONE', #568, #1199 ) ;
#1683 = AXIS2_PLACEMENT_3D ( 'NONE', #440, #282, #1696 ) ;
#1684 = CARTESIAN_POINT ( 'NONE',  ( 7.519685039370078705, 0.5905511811023621549, 0.3838582677165353618 ) ) ;
#1685 = ORIENTED_EDGE ( 'NONE', *, *, #87, .T. ) ;
#1686 = DIRECTION ( 'NONE',  ( -1.000000000000000000, -0.000000000000000000, -0.000000000000000000 ) ) ;
#1687 = EDGE_CURVE ( 'NONE', #572, #311, #1590, .T. ) ;
#1688 = DIRECTION ( 'NONE',  ( -1.000000000000000000, -0.000000000000000000, -0.000000000000000000 ) ) ;
#1689 = VECTOR ( 'NONE', #1534, 39.37007874015748143 ) ;
#1690 = DIRECTION ( 'NONE',  ( 0.000000000000000000, 0.000000000000000000, 1.000000000000000000 ) ) ;
#1691 = CARTESIAN_POINT ( 'NONE',  ( 4.685039370078740717, 1.181102362204724310, 1.488507551168849030 ) ) ;
#1692 = ORIENTED_EDGE ( 'NONE', *, *, #216, .T. ) ;
#1693 = CARTESIAN_POINT ( 'NONE',  ( 0.5905511811023621549, 1.259842519685039131, 1.370397314948375467 ) ) ;
#1694 = EDGE_CURVE ( 'NONE', #366, #26, #1047, .T. ) ;
#1695 = VECTOR ( 'NONE', #1864, 39.37007874015748143 ) ;
#1696 = DIRECTION ( 'NONE',  ( 0.000000000000000000, 0.000000000000000000, -1.000000000000000000 ) ) ;
#1697 = CARTESIAN_POINT ( 'NONE',  ( 3.346456692913386100, 1.653543307086614345, -0.2657480314960630197 ) ) ;
#1698 = DIRECTION ( 'NONE',  ( 1.000000000000000000, 0.000000000000000000, 0.000000000000000000 ) ) ;
#1699 = CARTESIAN_POINT ( 'NONE',  ( 0.000000000000000000, 0.5905511811023621549, 0.3838582677165352508 ) ) ;
#1700 = VECTOR ( 'NONE', #1535, 39.37007874015748143 ) ;
#1701 = PRODUCT_DEFINITION_FORMATION_WITH_SPECIFIED_SOURCE ( 'ANY', '', #287, .NOT_KNOWN. ) ;
#1702 = CARTESIAN_POINT ( 'NONE',  ( 0.000000000000000000, 0.6692913385826774197, 1.488507551168848142 ) ) ;
#1703 = ADVANCED_FACE ( 'NONE', ( #2024, #293, #1235 ), #2056, .F. ) ;
#1704 = EDGE_CURVE ( 'NONE', #288, #467, #452, .T. ) ;
#1705 = EDGE_LOOP ( 'NONE', ( #1759, #111, #1184, #403 ) ) ;
#1706 = CARTESIAN_POINT ( 'NONE',  ( 0.5118110236220476672, 1.574803149606299080, -0.2657480314960630197 ) ) ;
#1707 = DIRECTION ( 'NONE',  ( 0.000000000000000000, 0.000000000000000000, 1.000000000000000000 ) ) ;
#1708 = PRESENTATION_STYLE_ASSIGNMENT (( #1373 ) ) ;
#1709 = DIRECTION ( 'NONE',  ( -1.000000000000000000, 0.000000000000000000, -0.000000000000000000 ) ) ;
#1710 = LINE ( 'NONE', #1239, #47 ) ;
#1711 =( NAMED_UNIT ( * ) SI_UNIT ( $, .STERADIAN. ) SOLID_ANGLE_UNIT ( ) );
#1712 = ADVANCED_FACE ( 'NONE', ( #1082 ), #1559, .F. ) ;
#1713 = FACE_OUTER_BOUND ( 'NONE', #75, .T. ) ;
#1714 = ORIENTED_EDGE ( 'NONE', *, *, #735, .F. ) ;
#1715 = ADVANCED_FACE ( 'NONE', ( #923 ), #131, .F. ) ;
#1716 = DIRECTION ( 'NONE',  ( -0.000000000000000000, -0.000000000000000000, -1.000000000000000000 ) ) ;
#1717 = AXIS2_PLACEMENT_3D ( 'NONE', #444, #116, #432 ) ;
#1718 = PRODUCT_DEFINITION_SHAPE ( 'NONE', 'NONE',  #2059 ) ;
#1719 = CARTESIAN_POINT ( 'NONE',  ( 7.519685039370078705, 0.5905511811023621549, 0.08858267716535433989 ) ) ;
#1720 = DIRECTION ( 'NONE',  ( 0.000000000000000000, 1.000000000000000000, 0.000000000000000000 ) ) ;
#1721 = VECTOR ( 'NONE', #1276, 39.37007874015748143 ) ;
#1722 = DIRECTION ( 'NONE',  ( -0.000000000000000000, -0.000000000000000000, -1.000000000000000000 ) ) ;
#1723 = DIRECTION ( 'NONE',  ( 2.567390744445674500E-16, -6.861601376712328263E-17, -0.9999999999999998890 ) ) ;
#1724 = PRODUCT_DEFINITION ( 'UNKNOWN', '', #1519, #96 ) ;
#1725 = ORIENTED_EDGE ( 'NONE', *, *, #291, .F. ) ;
#1726 = CARTESIAN_POINT ( 'NONE',  ( 5.354330708661417582, 2.760958115767740306, 0.7798461338460135339 ) ) ;
#1727 = ORIENTED_EDGE ( 'NONE', *, *, #2025, .T. ) ;
#1728 = CIRCLE ( 'NONE', #763, 0.07874015748031448769 ) ;
#1729 = DIRECTION ( 'NONE',  ( -0.000000000000000000, -0.000000000000000000, 1.000000000000000000 ) ) ;
#1730 = CARTESIAN_POINT ( 'NONE',  ( -0.07874015748031498729, 3.937007874015748143, 0.1968503937007874127 ) ) ;
#1731 = PLANE ( 'NONE',  #1141 ) ;
#1732 = STYLED_ITEM ( 'NONE', ( #1296 ), #726 ) ;
#1733 = FACE_OUTER_BOUND ( 'NONE', #1307, .T. ) ;
#1734 = ORIENTED_EDGE ( 'NONE', *, *, #1879, .T. ) ;
#1735 = FACE_OUTER_BOUND ( 'NONE', #1262, .T. ) ;
#1736 = EDGE_LOOP ( 'NONE', ( #1124, #650, #1748, #235 ) ) ;
#1737 = DIRECTION ( 'NONE',  ( 0.000000000000000000, 0.000000000000000000, 1.000000000000000000 ) ) ;
#1738 = VERTEX_POINT ( 'NONE', #1412 ) ;
#1739 = ORIENTED_EDGE ( 'NONE', *, *, #475, .F. ) ;
#1740 = DIRECTION ( 'NONE',  ( 0.000000000000000000, 0.000000000000000000, 1.000000000000000000 ) ) ;
#1741 = CARTESIAN_POINT ( 'NONE',  ( -0.07874015748031495954, 0.000000000000000000, 0.1968503937007874127 ) ) ;
#1742 = EDGE_CURVE ( 'NONE', #999, #1972, #1568, .T. ) ;
#1743 = DIRECTION ( 'NONE',  ( 0.000000000000000000, 0.000000000000000000, 1.000000000000000000 ) ) ;
#1744 =( LENGTH_UNIT ( ) NAMED_UNIT ( * ) SI_UNIT ( $, .METRE. ) );
#1745 = ORIENTED_EDGE ( 'NONE', *, *, #1046, .F. ) ;
#1746 = DIRECTION ( 'NONE',  ( 0.000000000000000000, -1.000000000000000000, 0.000000000000000000 ) ) ;
#1747 = AXIS2_PLACEMENT_3D ( 'NONE', #616, #1544, #629 ) ;
#1748 = ORIENTED_EDGE ( 'NONE', *, *, #1119, .F. ) ;
#1749 = ORIENTED_EDGE ( 'NONE', *, *, #448, .T. ) ;
#1750 = EDGE_CURVE ( 'NONE', #1952, #1612, #785, .T. ) ;
#1751 = DIRECTION ( 'NONE',  ( -1.000000000000000000, 0.000000000000000000, 0.000000000000000000 ) ) ;
#1752 = AXIS2_PLACEMENT_3D ( 'NONE', #34, #57, #23 ) ;
#1753 = DIRECTION ( 'NONE',  ( -1.000000000000000000, -0.000000000000000000, -0.000000000000000000 ) ) ;
#1754 = ORIENTED_EDGE ( 'NONE', *, *, #336, .T. ) ;
#1755 = SURFACE_SIDE_STYLE ('',( #1646 ) ) ;
#1756 = CIRCLE ( 'NONE', #70, 0.07874015748031498729 ) ;
#1757 = AXIS2_PLACEMENT_3D ( 'NONE', #1691, #899, #1546 ) ;
#1758 = CYLINDRICAL_SURFACE ( 'NONE', #609, 0.09842519685039433086 ) ;
#1759 = ORIENTED_EDGE ( 'NONE', *, *, #1558, .F. ) ;
#1760 = VERTEX_POINT ( 'NONE', #122 ) ;
#1761 = DIRECTION ( 'NONE',  ( 1.000000000000000000, 0.000000000000000000, 0.000000000000000000 ) ) ;
#1762 = CARTESIAN_POINT ( 'NONE',  ( 4.685039370078740717, 1.181102362204724310, 1.488507551168849030 ) ) ;
#1763 = ITEM_DEFINED_TRANSFORMATION ( 'NONE', 'NONE', #308,  #873 ) ;
#1764 = ORIENTED_EDGE ( 'NONE', *, *, #1387, .T. ) ;
#1765 = AXIS2_PLACEMENT_3D ( 'NONE', #1255, #1716, #1245 ) ;
#1766 = DIRECTION ( 'NONE',  ( 0.000000000000000000, -1.000000000000000000, 0.000000000000000000 ) ) ;
#1767 = LINE ( 'NONE', #1452, #1500 ) ;
#1768 = EDGE_CURVE ( 'NONE', #1738, #1090, #273, .T. ) ;
#1769 = EDGE_CURVE ( 'NONE', #1021, #1591, #1257, .T. ) ;
#1770 = ORIENTED_EDGE ( 'NONE', *, *, #939, .T. ) ;
#1771 = VECTOR ( 'NONE', #1922, 39.37007874015748143 ) ;
#1772 = ORIENTED_EDGE ( 'NONE', *, *, #103, .T. ) ;
#1773 = VECTOR ( 'NONE', #496, 39.37007874015748143 ) ;
#1774 = CARTESIAN_POINT ( 'NONE',  ( 3.346456692913386100, 1.496062992125984703, -0.3838582677165354173 ) ) ;
#1775 = CARTESIAN_POINT ( 'NONE',  ( -0.6299212598425191212, 0.5905511811023621549, 0.08858267716535433989 ) ) ;
#1776 = PRODUCT_CONTEXT ( 'NONE', #730, 'mechanical' ) ;
#1777 = VERTEX_POINT ( 'NONE', #584 ) ;
#1778 = AXIS2_PLACEMENT_3D ( 'NONE', #275, #105, #907 ) ;
#1779 = PRODUCT_DEFINITION_CONTEXT ( 'detailed design', #2046, 'design' ) ;
#1780 = CARTESIAN_POINT ( 'NONE',  ( 0.5430313332044881536, 0.000000000000000000, -0.3838582677165354173 ) ) ;
#1781 = DIRECTION ( 'NONE',  ( 0.000000000000000000, 0.000000000000000000, 1.000000000000000000 ) ) ;
#1782 = EDGE_CURVE ( 'NONE', #592, #2, #155, .T. ) ;
#1783 = DIRECTION ( 'NONE',  ( -0.000000000000000000, -0.000000000000000000, -1.000000000000000000 ) ) ;
#1784 = EDGE_LOOP ( 'NONE', ( #621, #848, #2044, #1602 ) ) ;
#1785 = ORIENTED_EDGE ( 'NONE', *, *, #322, .F. ) ;
#1786 = DIRECTION ( 'NONE',  ( -0.000000000000000000, -1.000000000000000000, -0.000000000000000000 ) ) ;
#1787 = LINE ( 'NONE', #30, #274 ) ;
#1788 = VECTOR ( 'NONE', #766, 39.37007874015748143 ) ;
#1789 = VERTEX_POINT ( 'NONE', #1581 ) ;
#1790 = ORIENTED_EDGE ( 'NONE', *, *, #1170, .T. ) ;
#1791 = LINE ( 'NONE', #1305, #174 ) ;
#1792 = DIRECTION ( 'NONE',  ( -0.000000000000000000, -0.000000000000000000, -1.000000000000000000 ) ) ;
#1793 = EDGE_CURVE ( 'NONE', #990, #1416, #1381, .T. ) ;
#1794 = DIRECTION ( 'NONE',  ( 0.000000000000000000, -1.000000000000000000, 0.000000000000000000 ) ) ;
#1795 = VECTOR ( 'NONE', #1366, 39.37007874015748143 ) ;
#1796 = EDGE_LOOP ( 'NONE', ( #1907, #869, #1882, #1150 ) ) ;
#1797 = ORIENTED_EDGE ( 'NONE', *, *, #900, .F. ) ;
#1798 = DIRECTION ( 'NONE',  ( -0.000000000000000000, -0.000000000000000000, -1.000000000000000000 ) ) ;
#1799 = CARTESIAN_POINT ( 'NONE',  ( 4.606299212598425896, 1.574803149606299080, -0.3838582677165354173 ) ) ;
#1800 = EDGE_CURVE ( 'NONE', #2, #592, #325, .T. ) ;
#1801 = EDGE_LOOP ( 'NONE', ( #2011, #1555, #191, #1324 ) ) ;
#1802 = VERTEX_POINT ( 'NONE', #1900 ) ;
#1803 = DIRECTION ( 'NONE',  ( 0.000000000000000000, 0.000000000000000000, -1.000000000000000000 ) ) ;
#1804 = CARTESIAN_POINT ( 'NONE',  ( 0.000000000000000000, 3.937007874015748143, 0.000000000000000000 ) ) ;
#1805 = DIRECTION ( 'NONE',  ( 0.000000000000000000, 0.000000000000000000, 1.000000000000000000 ) ) ;
#1806 = AXIS2_PLACEMENT_3D ( 'NONE', #825, #335, #1470 ) ;
#1807 = ORIENTED_EDGE ( 'NONE', *, *, #1353, .T. ) ;
#1808 = ORIENTED_EDGE ( 'NONE', *, *, #257, .F. ) ;
#1809 = AXIS2_PLACEMENT_3D ( 'NONE', #1014, #1354, #876 ) ;
#1810 = AXIS2_PLACEMENT_3D ( 'NONE', #589, #446, #1086 ) ;
#1811 = FACE_BOUND ( 'NONE', #1464, .T. ) ;
#1812 = EDGE_LOOP ( 'NONE', ( #1428, #207, #1329, #1985, #1496, #301, #1312, #689 ) ) ;
#1813 = ORIENTED_EDGE ( 'NONE', *, *, #86, .T. ) ;
#1814 = EDGE_CURVE ( 'NONE', #339, #64, #1322, .T. ) ;
#1815 = LINE ( 'NONE', #1017, #1259 ) ;
#1816 = LINE ( 'NONE', #408, #628 ) ;
#1817 = LINE ( 'NONE', #1968, #838 ) ;
#1818 = ORIENTED_EDGE ( 'NONE', *, *, #1861, .T. ) ;
#1819 = VERTEX_POINT ( 'NONE', #915 ) ;
#1820 = EDGE_CURVE ( 'NONE', #1463, #1333, #1105, .T. ) ;
#1821 = CARTESIAN_POINT ( 'NONE',  ( 0.000000000000000000, 1.181102362204724532, -0.2657480314960630197 ) ) ;
#1822 = VECTOR ( 'NONE', #596, 39.37007874015748143 ) ;
#1823 = EDGE_LOOP ( 'NONE', ( #1022, #944, #1004, #1435 ) ) ;
#1824 = ORIENTED_EDGE ( 'NONE', *, *, #534, .F. ) ;
#1825 = DIRECTION ( 'NONE',  ( -1.000000000000000000, 0.000000000000000000, 0.000000000000000000 ) ) ;
#1826 = DIRECTION ( 'NONE',  ( 0.000000000000000000, 0.000000000000000000, 1.000000000000000000 ) ) ;
#1827 = EDGE_LOOP ( 'NONE', ( #388, #223, #1661, #1048 ) ) ;
#1828 = VECTOR ( 'NONE', #1521, 39.37007874015748143 ) ;
#1829 = ORIENTED_EDGE ( 'NONE', *, *, #315, .T. ) ;
#1830 = FACE_OUTER_BOUND ( 'NONE', #378, .T. ) ;
#1831 = EDGE_LOOP ( 'NONE', ( #1739, #1289, #1109, #1209 ) ) ;
#1832 = AXIS2_PLACEMENT_3D ( 'NONE', #1216, #1667, #880 ) ;
#1833 = LINE ( 'NONE', #1998, #565 ) ;
#1834 = DIRECTION ( 'NONE',  ( -0.000000000000000000, -1.000000000000000000, -1.224646799147353700E-16 ) ) ;
#1835 = APPLICATION_CONTEXT ( 'automotive_design' ) ;
#1836 = VECTOR ( 'NONE', #33, 39.37007874015748143 ) ;
#1837 = ORIENTED_EDGE ( 'NONE', *, *, #1782, .F. ) ;
#1838 = EDGE_CURVE ( 'NONE', #14, #1918, #1061, .T. ) ;
#1839 = CARTESIAN_POINT ( 'NONE',  ( 5.472440944881890701, 1.181102362204724532, -0.2657480314960630197 ) ) ;
#1840 = CARTESIAN_POINT ( 'NONE',  ( -0.1968503937007874127, 3.937007874015748143, 0.1968503937007874127 ) ) ;
#1841 = VECTOR ( 'NONE', #85, 39.37007874015748143 ) ;
#1842 = UNCERTAINTY_MEASURE_WITH_UNIT (LENGTH_MEASURE( 1.000000000000000082E-05 ), #1990, 'distance_accuracy_value', 'NONE');
#1843 = DIRECTION ( 'NONE',  ( 1.000000000000000000, 0.000000000000000000, 0.000000000000000000 ) ) ;
#1844 = FACE_OUTER_BOUND ( 'NONE', #1812, .T. ) ;
#1845 = AXIS2_PLACEMENT_3D ( 'NONE', #1920, #784, #1594 ) ;
#1846 = ORIENTED_EDGE ( 'NONE', *, *, #1991, .T. ) ;
#1847 = FACE_OUTER_BOUND ( 'NONE', #1476, .T. ) ;
#1848 = FACE_BOUND ( 'NONE', #946, .T. ) ;
#1849 = CARTESIAN_POINT ( 'NONE',  ( 5.157480314960630530, 7.582401355855259480E-33, 0.06889763779527531551 ) ) ;
#1850 = CYLINDRICAL_SURFACE ( 'NONE', #1832, 0.07874015748031495954 ) ;
#1851 = VECTOR ( 'NONE', #762, 39.37007874015748143 ) ;
#1852 = DIRECTION ( 'NONE',  ( 1.000000000000000000, 0.000000000000000000, -0.000000000000000000 ) ) ;
#1853 = DIRECTION ( 'NONE',  ( 0.000000000000000000, 0.000000000000000000, -1.000000000000000000 ) ) ;
#1854 = EDGE_CURVE ( 'NONE', #1651, #1475, #795, .T. ) ;
#1855 = ORIENTED_EDGE ( 'NONE', *, *, #1225, .T. ) ;
#1856 = DIRECTION ( 'NONE',  ( 1.000000000000000000, 0.000000000000000000, 0.000000000000000000 ) ) ;
#1857 = CARTESIAN_POINT ( 'NONE',  ( -0.07874015748031498729, 1.968503937007874072, 0.1968503937007874127 ) ) ;
#1858 = AXIS2_PLACEMENT_3D ( 'NONE', #1627, #198, #267 ) ;
#1859 = EDGE_CURVE ( 'NONE', #483, #1487, #1593, .T. ) ;
#1860 = FACE_OUTER_BOUND ( 'NONE', #1181, .T. ) ;
#1861 = EDGE_CURVE ( 'NONE', #1341, #605, #1767, .T. ) ;
#1862 = CARTESIAN_POINT ( 'NONE',  ( 0.000000000000000000, 0.000000000000000000, 0.1968503937007874127 ) ) ;
#1863 = DIRECTION ( 'NONE',  ( 0.7357940715985090696, 0.6772053486207030293, 7.245891128175702458E-41 ) ) ;
#1864 = DIRECTION ( 'NONE',  ( -0.000000000000000000, -0.000000000000000000, -1.000000000000000000 ) ) ;
#1865 = ORIENTED_EDGE ( 'NONE', *, *, #398, .F. ) ;
#1866 = CARTESIAN_POINT ( 'NONE',  ( 5.472440944881890701, 7.582401355855259480E-33, 0.3838582677165351953 ) ) ;
#1867 = AXIS2_PLACEMENT_3D ( 'NONE', #289, #263, #130 ) ;
#1868 = CARTESIAN_POINT ( 'NONE',  ( 0.000000000000000000, 2.362204724409448620, 0.3838582677165354173 ) ) ;
#1869 = SURFACE_STYLE_FILL_AREA ( #896 ) ;
#1870 = CARTESIAN_POINT ( 'NONE',  ( 0.07874015748031498729, 1.968503937007874072, 0.000000000000000000 ) ) ;
#1871 = CARTESIAN_POINT ( 'NONE',  ( 4.685039370078740717, 1.259842519685039131, 1.488507551168849030 ) ) ;
#1872 = EDGE_CURVE ( 'NONE', #456, #167, #1123, .T. ) ;
#1873 = VECTOR ( 'NONE', #237, 39.37007874015748143 ) ;
#1874 =( GEOMETRIC_REPRESENTATION_CONTEXT ( 3 ) GLOBAL_UNCERTAINTY_ASSIGNED_CONTEXT ( ( #1945 ) ) GLOBAL_UNIT_ASSIGNED_CONTEXT ( ( #1271, #602, #1711 ) ) REPRESENTATION_CONTEXT ( 'NONE', 'WORKASPACE' ) );
#1875 = LINE ( 'NONE', #1587, #1695 ) ;
#1876 = ORIENTED_EDGE ( 'NONE', *, *, #1793, .T. ) ;
#1877 = CARTESIAN_POINT ( 'NONE',  ( 0.000000000000000000, 3.937007874015748143, 0.000000000000000000 ) ) ;
#1878 = DIRECTION ( 'NONE',  ( 0.000000000000000000, -2.775557561562892830E-16, 1.000000000000000000 ) ) ;
#1879 = EDGE_CURVE ( 'NONE', #1175, #354, #977, .T. ) ;
#1880 = DIRECTION ( 'NONE',  ( -0.000000000000000000, -0.000000000000000000, -1.000000000000000000 ) ) ;
#1881 = FACE_OUTER_BOUND ( 'NONE', #349, .T. ) ;
#1882 = ORIENTED_EDGE ( 'NONE', *, *, #449, .T. ) ;
#1883 = DIRECTION ( 'NONE',  ( 0.000000000000000000, 0.000000000000000000, -1.000000000000000000 ) ) ;
#1884 = ORIENTED_EDGE ( 'NONE', *, *, #681, .F. ) ;
#1885 = LINE ( 'NONE', #460, #1689 ) ;
#1886 = AXIS2_PLACEMENT_3D ( 'NONE', #613, #1407, #1883 ) ;
#1887 = EDGE_LOOP ( 'NONE', ( #395, #462, #1025, #1346 ) ) ;
#1888 = DIRECTION ( 'NONE',  ( -1.000000000000000000, -0.000000000000000000, -0.000000000000000000 ) ) ;
#1889 = CARTESIAN_POINT ( 'NONE',  ( 5.472440944881890701, 1.102362204724409267, 1.370397314948375467 ) ) ;
#1890 = ADVANCED_BREP_SHAPE_REPRESENTATION ( '', ( #38, #873 ), #672 ) ;
#1891 = VECTOR ( 'NONE', #67, 39.37007874015748143 ) ;
#1892 = DIRECTION ( 'NONE',  ( -0.000000000000000000, 4.625929269271485914E-16, -1.000000000000000000 ) ) ;
#1893 = SHAPE_REPRESENTATION_RELATIONSHIP ( 'NONE' , 'NONE' ,  #563, #1531 ) ;
#1894 = ORIENTED_EDGE ( 'NONE', *, *, #1586, .F. ) ;
#1895 = CARTESIAN_POINT ( 'NONE',  ( 0.000000000000000000, 0.6692913385826774197, 1.488507551168848142 ) ) ;
#1896 = ORIENTED_EDGE ( 'NONE', *, *, #170, .F. ) ;
#1897 = FACE_OUTER_BOUND ( 'NONE', #1005, .T. ) ;
#1898 = EDGE_CURVE ( 'NONE', #1416, #1591, #666, .T. ) ;
#1899 = VERTEX_POINT ( 'NONE', #1472 ) ;
#1900 = CARTESIAN_POINT ( 'NONE',  ( 0.07874015748031495954, 9.642888182262623048E-18, 0.1968503937007874127 ) ) ;
#1901 = FACE_OUTER_BOUND ( 'NONE', #1533, .T. ) ;
#1902 = AXIS2_PLACEMENT_3D ( 'NONE', #419, #1548, #1567 ) ;
#1903 = CYLINDRICAL_SURFACE ( 'NONE', #2007, 0.07874015748031498729 ) ;
#1904 = CARTESIAN_POINT ( 'NONE',  ( 22.06245080786906954, 43.05798448167119119, 55.11131150987384331 ) ) ;
#1905 = ORIENTED_EDGE ( 'NONE', *, *, #1200, .T. ) ;
#1906 = DIRECTION ( 'NONE',  ( 0.000000000000000000, -1.000000000000000000, -4.625929269271485914E-16 ) ) ;
#1907 = ORIENTED_EDGE ( 'NONE', *, *, #2032, .F. ) ;
#1908 = EDGE_CURVE ( 'NONE', #1789, #21, #125, .T. ) ;
#1909 = DIRECTION ( 'NONE',  ( -1.000000000000000000, -0.000000000000000000, -0.000000000000000000 ) ) ;
#1910 = ORIENTED_EDGE ( 'NONE', *, *, #1353, .F. ) ;
#1911 = ORIENTED_EDGE ( 'NONE', *, *, #1872, .T. ) ;
#1912 = CARTESIAN_POINT ( 'NONE',  ( -0.1968503937007874127, 0.000000000000000000, 0.1968503937007874127 ) ) ;
#1913 = LINE ( 'NONE', #486, #774 ) ;
#1914 = ORIENTED_EDGE ( 'NONE', *, *, #1687, .T. ) ;
#1915 = DIRECTION ( 'NONE',  ( -0.000000000000000000, -0.000000000000000000, -1.000000000000000000 ) ) ;
#1916 = FACE_OUTER_BOUND ( 'NONE', #531, .T. ) ;
#1917 = PRODUCT_RELATED_PRODUCT_CATEGORY ( 'part', '', ( #1278 ) ) ;
#1918 = VERTEX_POINT ( 'NONE', #828 ) ;
#1919 = ORIENTED_EDGE ( 'NONE', *, *, #1935, .T. ) ;
#1920 = CARTESIAN_POINT ( 'NONE',  ( 7.519685039370078705, 0.5905511811023621549, 0.08858267716535433989 ) ) ;
#1921 = PRODUCT_DEFINITION_SHAPE ( 'NONE', 'NONE',  #2060 ) ;
#1922 = DIRECTION ( 'NONE',  ( -0.000000000000000000, -0.000000000000000000, -1.000000000000000000 ) ) ;
#1923 = ADVANCED_FACE ( 'NONE', ( #370 ), #45, .T. ) ;
#1924 = ORIENTED_EDGE ( 'NONE', *, *, #1387, .F. ) ;
#1925 = EDGE_CURVE ( 'NONE', #1265, #1819, #188, .T. ) ;
#1926 = CARTESIAN_POINT ( 'NONE',  ( -0.6299212598425191212, 0.5905511811023622659, 0.3838582677165353618 ) ) ;
#1927 = CIRCLE ( 'NONE', #1395, 0.07874015748031498729 ) ;
#1928 = CARTESIAN_POINT ( 'NONE',  ( 4.960629921259842590, 0.2755905511811023167, 0.3838976377952755259 ) ) ;
#1929 = AXIS2_PLACEMENT_3D ( 'NONE', #77, #1675, #1825 ) ;
#1930 = ORIENTED_EDGE ( 'NONE', *, *, #1814, .T. ) ;
#1931 = LINE ( 'NONE', #1613, #413 ) ;
#1932 = ADVANCED_FACE ( 'NONE', ( #1316 ), #222, .T. ) ;
#1933 = CARTESIAN_POINT ( 'NONE',  ( 3.346456692913386100, 1.102362204724409267, 1.370397314948375467 ) ) ;
#1934 =( LENGTH_UNIT ( ) NAMED_UNIT ( * ) SI_UNIT ( $, .METRE. ) );
#1935 = EDGE_CURVE ( 'NONE', #64, #288, #1306, .T. ) ;
#1936 = DIRECTION ( 'NONE',  ( -0.000000000000000000, -0.000000000000000000, -1.000000000000000000 ) ) ;
#1937 = ORIENTED_EDGE ( 'NONE', *, *, #1566, .T. ) ;
#1938 = AXIS2_PLACEMENT_3D ( 'NONE', #1595, #1228, #1561 ) ;
#1939 = ORIENTED_EDGE ( 'NONE', *, *, #598, .F. ) ;
#1940 = VECTOR ( 'NONE', #1798, 39.37007874015748143 ) ;
#1941 = LINE ( 'NONE', #833, #1997 ) ;
#1942 = EDGE_CURVE ( 'NONE', #1789, #1652, #1609, .T. ) ;
#1943 = ORIENTED_EDGE ( 'NONE', *, *, #1032, .T. ) ;
#1944 = ORIENTED_EDGE ( 'NONE', *, *, #662, .F. ) ;
#1945 = UNCERTAINTY_MEASURE_WITH_UNIT (LENGTH_MEASURE( 1.000000000000000082E-05 ), #1271, 'distance_accuracy_value', 'NONE');
#1946 = DIRECTION ( 'NONE',  ( 0.000000000000000000, 1.000000000000000000, 0.000000000000000000 ) ) ;
#1947 = CARTESIAN_POINT ( 'NONE',  ( 0.000000000000000000, 0.6692913385826774197, -0.5981066220594986049 ) ) ;
#1948 = CARTESIAN_POINT ( 'NONE',  ( 0.5430313332044881536, 1.062992125984252079, 0.3838582677165354173 ) ) ;
#1949 = ORIENTED_EDGE ( 'NONE', *, *, #401, .F. ) ;
#1950 = VECTOR ( 'NONE', #733, 39.37007874015748143 ) ;
#1951 = ADVANCED_FACE ( 'NONE', ( #1155 ), #647, .F. ) ;
#1952 = VERTEX_POINT ( 'NONE', #1637 ) ;
#1953 = DIRECTION ( 'NONE',  ( -0.000000000000000000, -4.625929269271481378E-15, 1.000000000000000000 ) ) ;
#1954 = ORIENTED_EDGE ( 'NONE', *, *, #900, .T. ) ;
#1955 = EDGE_LOOP ( 'NONE', ( #612, #794 ) ) ;
#1956 =( NAMED_UNIT ( * ) SI_UNIT ( $, .STERADIAN. ) SOLID_ANGLE_UNIT ( ) );
#1957 = CARTESIAN_POINT ( 'NONE',  ( 5.472440944881890701, 1.377952755905512028, -0.5981066220594983829 ) ) ;
#1958 = PLANE ( 'NONE',  #394 ) ;
#1959 = VERTEX_POINT ( 'NONE', #210 ) ;
#1960 = ORIENTED_EDGE ( 'NONE', *, *, #269, .T. ) ;
#1961 = ADVANCED_FACE ( 'NONE', ( #1486 ), #1958, .F. ) ;
#1962 = FACE_OUTER_BOUND ( 'NONE', #1618, .T. ) ;
#1963 = ORIENTED_EDGE ( 'NONE', *, *, #1073, .F. ) ;
#1964 = ORIENTED_EDGE ( 'NONE', *, *, #1800, .F. ) ;
#1965 = UNCERTAINTY_MEASURE_WITH_UNIT (LENGTH_MEASURE( 1.000000000000000082E-05 ), #1562, 'distance_accuracy_value', 'NONE');
#1966 = CARTESIAN_POINT ( 'NONE',  ( 5.472440944881890701, -0.1181102362204722728, -0.5981066220594986049 ) ) ;
#1967 = LINE ( 'NONE', #221, #164 ) ;
#1968 = CARTESIAN_POINT ( 'NONE',  ( 5.157480314960630530, 1.062992125984252079, 0.06889763779527531551 ) ) ;
#1969 = AXIS2_PLACEMENT_3D ( 'NONE', #1484, #505, #1766 ) ;
#1970 = ADVANCED_FACE ( 'NONE', ( #809 ), #381, .F. ) ;
#1971 = ORIENTED_EDGE ( 'NONE', *, *, #1013, .F. ) ;
#1972 = VERTEX_POINT ( 'NONE', #1648 ) ;
#1973 = VECTOR ( 'NONE', #887, 39.37007874015748143 ) ;
#1974 = CIRCLE ( 'NONE', #84, 0.07874015748031448769 ) ;
#1975 = CARTESIAN_POINT ( 'NONE',  ( 4.862204724409449064, 0.2755905511811023167, 0.3838976377952755259 ) ) ;
#1976 = CARTESIAN_POINT ( 'NONE',  ( 4.862204724409448175, 0.6692913385826771977, 0.06889763779527531551 ) ) ;
#1977 = ORIENTED_EDGE ( 'NONE', *, *, #86, .F. ) ;
#1978 = LINE ( 'NONE', #1206, #135 ) ;
#1979 = CARTESIAN_POINT ( 'NONE',  ( 0.07874015748031498729, 3.937007874015748143, 0.1968503937007874127 ) ) ;
#1980 = CARTESIAN_POINT ( 'NONE',  ( 0.000000000000000000, 0.000000000000000000, 0.000000000000000000 ) ) ;
#1981 = CIRCLE ( 'NONE', #719, 0.07874015748031502893 ) ;
#1982 = ORIENTED_EDGE ( 'NONE', *, *, #1859, .F. ) ;
#1983 = ORIENTED_EDGE ( 'NONE', *, *, #510, .T. ) ;
#1984 = CARTESIAN_POINT ( 'NONE',  ( 3.346456692913386100, 1.653543307086614345, 0.3838582677165354173 ) ) ;
#1985 = ORIENTED_EDGE ( 'NONE', *, *, #1032, .F. ) ;
#1986 = UNCERTAINTY_MEASURE_WITH_UNIT (LENGTH_MEASURE( 1.000000000000000082E-05 ), #1148, 'distance_accuracy_value', 'NONE');
#1987 = CARTESIAN_POINT ( 'NONE',  ( 5.472440944881890701, 1.377952755905512472, 1.370397314948375467 ) ) ;
#1988 = DIRECTION ( 'NONE',  ( 0.000000000000000000, 0.000000000000000000, 1.000000000000000000 ) ) ;
#1989 = AXIS2_PLACEMENT_3D ( 'NONE', #1393, #1227, #1709 ) ;
#1990 =( CONVERSION_BASED_UNIT ( 'INCH', #1180 ) LENGTH_UNIT ( ) NAMED_UNIT ( #559 ) );
#1991 = EDGE_CURVE ( 'NONE', #902, #1475, #284, .T. ) ;
#1992 = ADVANCED_FACE ( 'NONE', ( #1916 ), #1758, .F. ) ;
#1993 = VERTEX_POINT ( 'NONE', #562 ) ;
#1994 = VECTOR ( 'NONE', #742, 39.37007874015748143 ) ;
#1995 = CARTESIAN_POINT ( 'NONE',  ( 4.685039370078740717, 1.574803149606299080, 0.3838582677165354173 ) ) ;
#1996 =( NAMED_UNIT ( * ) SI_UNIT ( $, .STERADIAN. ) SOLID_ANGLE_UNIT ( ) );
#1997 = VECTOR ( 'NONE', #374, 39.37007874015748143 ) ;
#1998 = CARTESIAN_POINT ( 'NONE',  ( 5.472440944881890701, 1.850393700787401174, -0.2657480314960630197 ) ) ;
#1999 = PLANE ( 'NONE',  #1430 ) ;
#2000 =( NAMED_UNIT ( * ) SI_UNIT ( $, .STERADIAN. ) SOLID_ANGLE_UNIT ( ) );
#2001 = ORIENTED_EDGE ( 'NONE', *, *, #1054, .T. ) ;
#2002 = FACE_OUTER_BOUND ( 'NONE', #2057, .T. ) ;
#2003 = AXIS2_PLACEMENT_3D ( 'NONE', #2016, #1681, #585 ) ;
#2004 = LINE ( 'NONE', #704, #1973 ) ;
#2005 = DIRECTION ( 'NONE',  ( -0.000000000000000000, 4.625929269271485914E-16, -1.000000000000000000 ) ) ;
#2006 = ADVANCED_FACE ( 'NONE', ( #79 ), #417, .F. ) ;
#2007 = AXIS2_PLACEMENT_3D ( 'NONE', #652, #193, #815 ) ;
#2008 = CARTESIAN_POINT ( 'NONE',  ( 0.5430313332044881536, 1.062992125984252079, 0.3838582677165354173 ) ) ;
#2009 = FACE_OUTER_BOUND ( 'NONE', #317, .T. ) ;
#2010 = LENGTH_MEASURE_WITH_UNIT ( LENGTH_MEASURE( 0.02539999999999999897 ), #1338 );
#2011 = ORIENTED_EDGE ( 'NONE', *, *, #1800, .T. ) ;
#2012 = CARTESIAN_POINT ( 'NONE',  ( 4.960629921259842590, 0.6692913385826771977, -0.3838582677165354173 ) ) ;
#2013 = EDGE_CURVE ( 'NONE', #338, #469, #1359, .T. ) ;
#2014 = EDGE_CURVE ( 'NONE', #182, #1802, #382, .T. ) ;
#2015 = CARTESIAN_POINT ( 'NONE',  ( 0.1181102362204724532, 2.760958115767740306, 0.7798461338460135339 ) ) ;
#2016 = CARTESIAN_POINT ( 'NONE',  ( 5.472440944881890701, 0.5905511811023621549, 0.08858267716535433989 ) ) ;
#2017 = CYLINDRICAL_SURFACE ( 'NONE', #1717, 0.07874015748031498729 ) ;
#2018 = PRESENTATION_LAYER_ASSIGNMENT (  '', '', ( #582 ) ) ;
#2019 = VECTOR ( 'NONE', #576, 39.37007874015748143 ) ;
#2020 = CARTESIAN_POINT ( 'NONE',  ( 0.1181102362204724532, 2.760958115767740306, -0.5981066220594982719 ) ) ;
#2021 = DIRECTION ( 'NONE',  ( 1.000000000000000000, 0.000000000000000000, 0.000000000000000000 ) ) ;
#2022 = ORIENTED_EDGE ( 'NONE', *, *, #485, .T. ) ;
#2023 = PLANE ( 'NONE',  #1513 ) ;
#2024 = FACE_BOUND ( 'NONE', #330, .T. ) ;
#2025 = EDGE_CURVE ( 'NONE', #426, #288, #1377, .T. ) ;
#2026 = DIRECTION ( 'NONE',  ( 0.000000000000000000, 1.000000000000000000, 0.000000000000000000 ) ) ;
#2027 = LINE ( 'NONE', #586, #522 ) ;
#2028 = PLANE ( 'NONE',  #712 ) ;
#2029 = CIRCLE ( 'NONE', #236, 0.09842519685039433086 ) ;
#2030 = PLANE ( 'NONE',  #1532 ) ;
#2031 = ORIENTED_EDGE ( 'NONE', *, *, #439, .F. ) ;
#2032 = EDGE_CURVE ( 'NONE', #931, #511, #1974, .T. ) ;
#2033 = FACE_OUTER_BOUND ( 'NONE', #172, .T. ) ;
#2034 = DIRECTION ( 'NONE',  ( 0.000000000000000000, 4.625929269271485914E-16, -1.000000000000000000 ) ) ;
#2035 = PRODUCT_DEFINITION_SHAPE ( 'NONE', 'NONE',  #1577 ) ;
#2036 = DIRECTION ( 'NONE',  ( 1.000000000000000000, 0.000000000000000000, 0.000000000000000000 ) ) ;
#2037 = CARTESIAN_POINT ( 'NONE',  ( 0.1181102362204725503, 0.7874015748031497619, -0.5981066220594986049 ) ) ;
#2038 = CYLINDRICAL_SURFACE ( 'NONE', #1347, 0.07874015748031489015 ) ;
#2039 = SHAPE_REPRESENTATION_RELATIONSHIP ( 'NONE' , 'NONE' ,  #776, #203 ) ;
#2040 = AXIS2_PLACEMENT_3D ( 'NONE', #1065, #797, #445 ) ;
#2041 = ORIENTED_EDGE ( 'NONE', *, *, #1046, .T. ) ;
#2042 = DIRECTION ( 'NONE',  ( 0.000000000000000000, 0.000000000000000000, -1.000000000000000000 ) ) ;
#2043 = CIRCLE ( 'NONE', #1845, 0.2952755905511810774 ) ;
#2044 = ORIENTED_EDGE ( 'NONE', *, *, #1742, .T. ) ;
#2045 = CARTESIAN_POINT ( 'NONE',  ( 5.472440944881890701, 0.6692913385826774197, 1.488507551168848142 ) ) ;
#2046 = APPLICATION_CONTEXT ( 'automotive_design' ) ;
#2047 = DIRECTION ( 'NONE',  ( 1.000000000000000000, 0.000000000000000000, 0.000000000000000000 ) ) ;
#2048 = CARTESIAN_POINT ( 'NONE',  ( 4.763779527559055538, 1.574803149606299080, -0.2657480314960630197 ) ) ;
#2049 = CARTESIAN_POINT ( 'NONE',  ( 0.000000000000000000, 0.6692913385826774197, 1.488507551168848142 ) ) ;
#2050 = EDGE_LOOP ( 'NONE', ( #344, #1939, #1001, #790 ) ) ;
#2051 = FACE_OUTER_BOUND ( 'NONE', #911, .T. ) ;
#2052 = EDGE_CURVE ( 'NONE', #1011, #707, #571, .T. ) ;
#2053 = ORIENTED_EDGE ( 'NONE', *, *, #170, .T. ) ;
#2054 = CARTESIAN_POINT ( 'NONE',  ( 5.472440944881890701, 1.377952755905512028, 1.488507551168848142 ) ) ;
#2055 = VECTOR ( 'NONE', #758, 39.37007874015748143 ) ;
#2056 = PLANE ( 'NONE',  #520 ) ;
#2057 = EDGE_LOOP ( 'NONE', ( #1339, #39, #2001, #1818 ) ) ;
#2058 = NEXT_ASSEMBLY_USAGE_OCCURRENCE ( 'NAUO1', ' ', ' ', #1724, #226, $ ) ;
#2059 = NEXT_ASSEMBLY_USAGE_OCCURRENCE ( 'NAUO2', ' ', ' ', #1724, #1577, $ ) ;
#2060 = NEXT_ASSEMBLY_USAGE_OCCURRENCE ( 'NAUO3', ' ', ' ', #1724, #1577, $ ) ;
#2061 = NEXT_ASSEMBLY_USAGE_OCCURRENCE ( 'NAUO4', ' ', ' ', #1724, #1577, $ ) ;
#2062 = NEXT_ASSEMBLY_USAGE_OCCURRENCE ( 'NAUO5', ' ', ' ', #1724, #1577, $ ) ;
#2063 = NEXT_ASSEMBLY_USAGE_OCCURRENCE ( 'NAUO6', ' ', ' ', #1724, #806, $ ) ;
ENDSEC;
END-ISO-10303-21;
